,0
0,7.320736899561153
1,7.198824129074233
2,5.141918310348566
3,6.443753984767278
4,3.9375197432414604
5,5.88358963816932
6,7.814176596628668
7,6.107928683032069
8,6.541079439386804
9,4.803068330420097
10,7.246090015539772
11,3.6083811999210917
12,4.131496220983818
13,4.4445690596172165
14,7.17087295970151
15,9.532336036782517
16,8.40502126814095
17,4.933588471769609
18,0.661655922499059
19,4.83090380571553
20,-0.2043609292681401
21,6.146737530735273
22,8.572084602478126
23,8.027856070181143
24,6.7190618992513516
25,4.541507863199795
26,8.79054091967947
27,4.866457653233334
28,7.049465967886655
29,6.318429043182105
30,6.461942822396223
31,5.356569471492831
32,6.91089219962697
33,7.3217266207178096
34,4.620174415956677
35,6.161633909370317
36,7.2025155164934
37,7.600960628157346
38,6.54926467179535
39,6.396741703566087
40,8.766832849838062
41,3.79231743940779
42,6.935736746332219
43,6.781621212456512
44,10.270815709242298
45,7.092051509178701
46,6.996483980537556
47,6.2679421095631875
48,4.531216809024327
49,6.063086071112203
50,7.6905597656473725
51,7.033241932477095
52,8.64656784522259
53,5.41668790822093
54,8.291461517661965
55,4.733500368548953
56,3.316611422538982
57,5.1985943911555035
58,6.553023434560883
59,6.720901516430159
60,7.038217803817639
61,4.535667420870878
62,7.111542143914954
63,7.440108971947039
64,5.814215042700703
65,8.251525974676325
66,5.7633870947498105
67,6.244523130757726
68,6.596677450728344
69,6.9427463256145625
70,7.637133627409922
71,5.502379191128576
72,8.217194743394948
73,6.3630346015818855
74,8.975046526474722
75,6.639135766073701
76,4.772257026314319
77,7.765518597275837
78,6.889931892021715
79,5.641397363000174
80,6.2746849446778565
81,7.026806773682048
82,6.364348342221597
83,6.079745610250549
84,7.570180744433466
85,6.533701340106355
86,6.736113815759901
87,5.726458601060868
88,6.389005407975047
89,6.331085672847217
90,7.3125317764257085
91,6.201165979428489
92,5.7024299791697155
93,3.820279079831663
94,9.170325682479922
95,4.6033441439154155
96,6.687847257268286
97,7.603003697843243
98,6.78493908354863
99,5.999785631393307
100,5.148910069567656
101,7.550152039259566
102,7.444290658990495
103,5.932361833803548
104,5.546127061074523
105,7.1550455534584865
106,7.366987950444632
107,6.3347349648816556
108,5.947600462041292
109,7.523944375432903
110,5.191225909885866
111,5.274118498866583
112,6.407193210748624
113,8.887886487844817
114,6.399152720832313
115,5.897086296232893
116,8.808481310832173
117,7.433809865938707
118,4.111907165889144
119,10.67423217644278
120,4.510912011770698
121,11.902993682083043
122,5.937234809168836
123,3.994962859970266
124,4.456020507790809
125,5.333947362848954
126,6.476211634227689
127,7.334163296960065
128,6.634512625749786
129,8.152927725209844
130,6.5460147570934675
131,6.138576402890572
132,6.876426266099143
133,6.788116693501757
134,6.477439186201364
135,7.966628148155278
136,9.119120742349487
137,6.042638293456144
138,5.339563516719459
139,5.746324460793685
140,5.281286405245347
141,7.7262319669173944
142,8.31233203256722
143,5.73836628388704
144,3.6417892582615523
145,5.425902461126108
146,6.692945664662653
147,7.184050063408514
148,4.559217250027879
149,3.850311875791077
150,3.8963890720627306
151,5.539833924782735
152,4.962612628122143
153,6.328332251068383
154,4.978245036494223
155,7.697232925391573
156,5.933881331752046
157,6.502531993257717
158,8.00062088010106
159,6.047802277039019
160,7.263088955476229
161,6.584546500207176
162,5.2665174065917295
163,5.859231804561724
164,6.518614423772825
165,6.945025855887757
166,6.157488515153373
167,3.4597392084893466
168,6.951914002142595
169,6.734254198369464
170,7.570378195429212
171,4.614330711820522
172,6.667682988557822
173,7.569263111549217
174,6.586579418414031
175,6.368944258054681
176,6.986714788570962
177,3.6909840301998984
178,5.1801039671921085
179,4.675317052526507
180,4.065789982950769
181,6.180160400132601
182,6.119259713820221
183,5.24535666549883
184,7.585074543476649
185,6.395994124099681
186,5.909775007850436
187,6.9299588073848195
188,6.121971209402828
189,7.400286670209931
190,4.954442681958931
191,4.928786416027443
192,4.426660928278862
193,5.185803366282522
194,8.370543939029004
195,6.391167924081229
196,6.123596073157669
197,3.9441011474514704
198,7.0983982987311816
199,8.9997939598639
200,5.768683606121663
201,6.40252691232086
202,6.620959221117624
203,6.546996206802133
204,5.634452900403226
205,8.151415635795557
206,5.829918529195816
207,4.320396662422874
208,6.877651009807151
209,5.600357578754766
210,5.581012523907985
211,5.933488576524097
212,5.571522852808422
213,4.027306619670136
214,7.315047277850963
215,5.153221272454695
216,7.50192352705522
217,6.1003314349402995
218,5.054245711071699
219,6.882291440499385
220,5.882981977313021
221,8.035077211989401
222,7.6592545697934025
223,7.154922005150689
224,5.259515704666733
225,6.447608463167449
226,5.707941877481344
227,5.302586146801614
228,7.1076252798625825
229,4.261625721450683
230,6.369731765491734
231,7.778543499238887
232,3.3129324481793043
233,6.978681765711654
234,4.977008821487794
235,6.711623346096126
236,7.43139299601041
237,6.23732131635422
238,4.525257009551124
239,6.572148523351926
240,6.486996972366169
241,5.007048776025436
242,6.261452466449151
243,4.914046394983026
244,7.515378500635571
245,6.066145426176768
246,6.613849597135696
247,4.8762837219767885
248,4.50488169116175
249,6.756688550869108
250,5.7995283585392565
251,4.89954633676126
252,5.348354554315457
253,6.033130365368884
254,6.362950209757683
255,5.595474432671431
256,5.362038181371018
257,7.1749219137203095
258,4.223666606303878
259,5.2247439044079425
260,7.075388603626885
261,8.372870779100204
262,9.610670049852667
263,6.435583641567346
264,7.627729045883421
265,8.28473318163612
266,4.81052429766015
267,10.07639242040346
268,8.33583311865146
269,7.649712745604639
270,3.857127117415358
271,7.574621525835547
272,5.795847767926326
273,5.266320777921075
274,6.677741714582508
275,9.060181960618657
276,6.663547049788186
277,4.044236872580378
278,4.835570276387726
279,4.906399483960113
280,3.962643849060947
281,4.883086817148588
282,9.237845092259077
283,8.310866455656933
284,6.100544206537557
285,5.670606264177487
286,5.133015398618746
287,6.151366731125173
288,6.663102949729646
289,8.547599519730566
290,5.409100569037556
291,5.79686785388577
292,5.0344067288920735
293,7.674333545848236
294,6.826801791920453
295,7.0549991042683455
296,6.246974133602917
297,6.635158122715958
298,6.319194669304407
299,5.805582531662649
300,6.641113991815083
301,7.826374098112461
302,7.764590759282833
303,5.368804867931041
304,4.612553075467596
305,6.025769183336079
306,4.54161112114759
307,5.727540846672647
308,8.017725060690564
309,4.064678094673864
310,8.078580359737835
311,4.047931306131951
312,5.373322073841856
313,7.085476646349262
314,5.461499971890872
315,6.8218844866572095
316,7.431790130324381
317,6.886135541791696
318,5.7185722901525065
319,7.477942581510029
320,8.28136165762731
321,7.522183296994909
322,6.859854215370715
323,4.391536242181766
324,7.061007489628819
325,7.664336086556714
326,6.188441732049406
327,5.834855244711954
328,8.511208814462016
329,3.3203631891870566
330,8.08692988105423
331,5.146744254223732
332,8.732796114942458
333,3.747525843725776
334,7.616010510790667
335,7.143060471383756
336,4.816666145763116
337,7.116154656523173
338,6.106132825431424
339,5.560055640412039
340,4.7225199350383
341,5.748321996269234
342,7.474287646468448
343,6.919390820258114
344,5.794948750352497
345,6.749077308369629
346,7.429968234562976
347,9.809481511451459
348,7.852954152035246
349,6.7976525716026766
350,6.718734943845058
351,5.8518955937218475
352,7.102537140849173
353,6.708357721245712
354,9.45309482706608
355,4.325600642574096
356,7.0505428705251285
357,5.858191749360736
358,3.508129235350053
359,5.492005906814989
360,6.298811471623204
361,6.161720776323191
362,4.652668119424157
363,5.414804145124955
364,6.893577675165539
365,5.724923461641603
366,5.3536835426605744
367,7.174486622525884
368,2.7044081468159775
369,5.830750058317386
370,6.845940161704048
371,5.871338809578729
372,5.65973793429253
373,6.6358584368859335
374,8.126540437437662
375,5.154319630436981
376,6.5343269019033965
377,7.154491595558803
378,6.916069535961975
379,8.618724536173938
380,7.6469977442380435
381,5.374745568051886
382,7.024607966723407
383,7.5226987884855685
384,7.126789487372258
385,1.5078522306389968
386,6.937977015725037
387,4.464373172166516
388,4.998343908935163
389,4.286935328400028
390,6.072171842849067
391,7.247360044642442
392,4.097468654719301
393,6.656536794016857
394,7.085015051884121
395,6.564098531147061
396,8.380373292278415
397,5.420839707874216
398,6.89271899459579
399,4.685275492083343
400,6.3038658990022265
401,7.015281798949737
402,4.176522506208412
403,6.391702591264726
404,6.623961772174476
405,5.173381096041859
406,5.044186417441389
407,6.059260118554968
408,7.67211686341062
409,7.750886888012766
410,5.045453335518969
411,4.804403231024763
412,5.1287405064845695
413,6.139138084238376
414,5.07010136695345
415,6.304413854010191
416,7.972496271126429
417,6.400436100065741
418,6.769755975537515
419,8.128842206678707
420,7.500418785741486
421,9.314219073136492
422,4.799087123549098
423,8.0397798493762
424,7.268398725593735
425,7.539278853530569
426,8.650329810122066
427,7.081105715382884
428,3.4228647988516707
429,4.630121069011066
430,5.724556963323549
431,7.850648338279435
432,6.361108088586034
433,5.992278951478793
434,9.419627891134548
435,6.792530485092876
436,5.634527285438081
437,6.619316522597324
438,7.365412076266066
439,6.183367547262888
440,7.504255921109299
441,4.716100825297482
442,4.080074037982113
443,5.350516775965216
444,7.806647561580186
445,5.640452129488559
446,6.846269654500753
447,4.494731731951625
448,4.308170387837486
449,7.438121127496116
450,4.893418355921595
451,3.8464478551418972
452,6.142982361510399
453,4.439661649003548
454,5.760380951431736
455,6.032740295003856
456,5.950190940168405
457,6.1486647614368035
458,6.980028027183445
459,5.661780063653674
460,5.860236050870581
461,9.010683337594228
462,6.028809593625348
463,7.368672569977489
464,4.273578995579165
465,6.439316855729258
466,7.0009740527253195
467,6.336723993884839
468,7.852810622098614
469,3.88706719476209
470,7.839441169558591
471,6.49120219458956
472,2.4507314796031197
473,4.945595384131189
474,7.454136360787339
475,2.0998595683009222
476,6.013410420341253
477,7.209747336522519
478,7.0374844118308015
479,4.5064497471906275
480,6.3748849051176615
481,7.315857435509835
482,7.695110065322816
483,7.373203740217442
484,7.397941672244593
485,8.347789100255168
486,5.688718765686927
487,5.976469732782385
488,7.260809862269121
489,5.955727498395
490,3.578821692143093
491,6.531528287141837
492,8.247643905047477
493,8.475725876693623
494,3.547451720591481
495,5.18670504346329
496,7.529686643974451
497,6.301728515389706
498,8.11398129358583
499,7.1245126044191744
500,4.883738809571069
501,7.448728270079583
502,7.178849463303373
503,3.318444923845683
504,5.999182999575674
505,5.842754855261147
506,6.397985004947541
507,6.266526860971053
508,5.699073270660457
509,6.7818010984143
510,6.719768775597509
511,5.475823515127841
512,2.8093385432981046
513,6.107479781871526
514,5.905458580832211
515,6.223327509027109
516,8.020444230601749
517,8.179989134017484
518,7.704165837111369
519,7.418575592737917
520,6.8738088753112345
521,8.83349106638213
522,6.272893994295893
523,6.039833097170736
524,4.725952330903561
525,7.418093851352347
526,8.385143943940939
527,8.12207379165221
528,6.433281403682768
529,6.727148163382091
530,5.390031676472582
531,7.120322660970083
532,7.062120626404349
533,5.313065991708127
534,6.091408896605854
535,5.785588147493682
536,6.291808811463448
537,6.76218446365379
538,9.074121928253872
539,8.356584883920329
540,5.04848272632949
541,8.391931104273278
542,7.810356650172772
543,5.90527387742287
544,7.594682757852125
545,7.824696136197027
546,5.231673354582704
547,6.076059903022097
548,4.388438084678065
549,6.648472162425888
550,3.202250720195985
551,5.625428498279062
552,8.144779569646353
553,4.239441332980797
554,8.192618589273762
555,7.64357472961302
556,6.828786691744036
557,7.790007194679047
558,5.885615140885016
559,4.994695252834895
560,4.916215169085782
561,7.032659424592849
562,8.65001920545688
563,8.082007594180647
564,6.584925896983178
565,7.847575044383403
566,7.877432014519905
567,7.9930181657439885
568,8.60371695002351
569,8.327696343634267
570,7.009522817738171
571,5.68103651133658
572,6.818122303604751
573,6.831222468619954
574,6.790937952711425
575,7.223968495722667
576,7.529225143302311
577,3.774766197975219
578,4.656530125441632
579,6.636847395819651
580,7.3515199446388175
581,7.701879833956182
582,9.576558613658845
583,6.9731219685987265
584,8.514422194674417
585,6.410719506710458
586,5.194074723896443
587,8.010356480982018
588,8.569541642841223
589,5.2546448895869355
590,7.142767100251668
591,6.668501190690741
592,6.50017960198472
593,5.980321862071443
594,4.363778457551517
595,7.638907934858758
596,6.477585312303118
597,5.945053927806449
598,7.79764405216366
599,5.97418864594175
600,8.40732309796436
601,3.756903799240091
602,4.5961833145232145
603,5.744203999758207
604,0.9328647339085103
605,4.996908454232026
606,3.5697191801351034
607,7.757854105674206
608,6.965686434710329
609,2.740649861646099
610,7.298272071224629
611,7.972443847415262
612,7.123191561157283
613,7.233842491396509
614,3.6958766859957644
615,7.497313255083605
616,4.117627822819082
617,8.10906306857084
618,7.7399811655910264
619,4.90178077739126
620,3.9794407545183015
621,6.317120139836616
622,7.612176924867122
623,5.887045103326778
624,7.559957903118225
625,7.523044701668874
626,5.45752184981263
627,6.969132392961506
628,5.881615622437104
629,6.8317480088104015
630,9.357384081495702
631,6.336495785614089
632,8.653157411763978
633,7.089500417666891
634,6.79509003309665
635,5.8204450335811595
636,9.334334060079136
637,7.341589665477214
638,6.733499233534126
639,6.213584819340718
640,3.9095441892782725
641,6.701281956334747
642,5.0694714838649
643,6.891096539142901
644,6.846476586739582
645,5.695009034856008
646,2.9544257828088627
647,6.20995867714607
648,5.770410706481521
649,6.29021071632321
650,5.718556126663598
651,6.974608846367638
652,6.685703226206493
653,10.276452669109455
654,5.885165395077193
655,9.035378659719127
656,6.287737621476077
657,4.685256035882331
658,8.799809367377344
659,6.599516009198447
660,5.055790266173582
661,5.693224814101591
662,5.812699308726743
663,6.821142126387309
664,6.504087744064756
665,6.874835642931712
666,7.447902932975517
667,8.729474469453232
668,7.421240096024404
669,5.632801347334472
670,5.271828973520597
671,7.932285864125839
672,6.684975341270339
673,5.879605953570313
674,2.115990580171066
675,6.623156804221758
676,4.195417520212059
677,5.540276673330092
678,5.806856064311715
679,3.8937878780055244
680,7.764061562706329
681,5.066124984102822
682,5.861529512523985
683,6.991530506334635
684,8.269445480740211
685,6.790128495190012
686,5.743057236848991
687,5.670973951454081
688,5.187568765460633
689,5.82139129824423
690,5.773475439579043
691,5.5546702526119685
692,7.063619607548909
693,6.488195549533257
694,8.31240513778409
695,6.584419842893395
696,4.183549180272686
697,5.612233769752775
698,7.803379973239822
699,4.872577886249524
700,3.899813718177312
701,9.504579915958466
702,5.851099479541113
703,8.397274170465204
704,6.843430653529659
705,6.086228515749381
706,6.849355656237614
707,7.407057989096367
708,9.267339482743006
709,9.054027718087633
710,4.881681409623135
711,6.570911333277359
712,6.44084863051131
713,2.9931394346945632
714,5.500077115530595
715,7.369012649402586
716,8.585098464954678
717,5.9126199853631585
718,4.086148685856015
719,6.466079490832791
720,6.624220922283994
721,6.471793818044089
722,5.420679809113218
723,6.964365938818042
724,4.551336803078407
725,5.545623713041601
726,5.174269474921467
727,6.525224547818935
728,6.995086663997022
729,4.342389182100588
730,4.07647878230143
731,4.717986146948816
732,9.399276674088066
733,7.935431657428408
734,6.835734683911424
735,6.341495672734319
736,5.455770430184485
737,5.301321918569166
738,8.994874166341624
739,7.86332177346008
740,7.962988927201473
741,6.7250501965050455
742,7.463169146260325
743,4.641597566550055
744,6.060895136485042
745,8.521273096989326
746,6.429190102808489
747,6.660476292402174
748,6.5408194860998
749,4.869670579743407
750,7.080562932047138
751,6.847680366714767
752,6.629917314098121
753,6.36527824700675
754,6.880653375718404
755,9.083155135660773
756,3.1344172918728064
757,6.411686741836612
758,5.994366416305234
759,6.385148605015557
760,7.404558289797529
761,5.8121772673260335
762,5.959875084493938
763,5.580176403931142
764,5.291499804105397
765,6.557267834116201
766,6.283011696342833
767,9.460212490993008
768,6.805390495412731
769,9.147144904508929
770,3.855053152213764
771,7.139727704782282
772,6.480748683391149
773,5.983418668803602
774,7.288036710497701
775,6.389656136472291
776,6.02691331010311
777,7.775496600929338
778,7.681745021860999
779,5.1587979566516475
780,6.859546975918939
781,6.21390874448508
782,2.6616437278740444
783,8.350327438404356
784,7.669251969134671
785,6.2205279112534395
786,5.406751856963248
787,5.783214560390034
788,5.625937965726345
789,4.567323513458697
790,6.913914123579444
791,8.210365511338347
792,7.4456393121896065
793,4.73588205524316
794,5.5225451028312005
795,5.802281977984927
796,8.613320939799047
797,8.930808942795517
798,7.915814733311263
799,6.515438322078418
800,5.6263326011833765
801,8.00879426605622
802,7.362192258053538
803,7.062205609549265
804,5.90697730511743
805,7.139427475951662
806,5.324545027166615
807,7.206270338109162
808,5.420334493318088
809,7.589864016441707
810,6.435319519198229
811,5.569874553646796
812,4.955670306692182
813,8.615238606106296
814,8.091611661920576
815,7.151090161097778
816,7.164279493470813
817,7.336282276283155
818,7.18590393647929
819,5.415609387199376
820,6.289129921784075
821,6.266690337166957
822,6.640480335869662
823,4.24330280138343
824,7.200273984845418
825,6.477619850396473
826,8.336931133244953
827,4.667811504773959
828,7.3280570682814465
829,5.888240508851878
830,3.466773710107696
831,7.459796670686329
832,6.350739030970154
833,6.028434295006769
834,6.203616126330027
835,6.218143700286924
836,6.513830335043449
837,5.9787135981910575
838,6.4109247177514685
839,6.290156785991995
840,6.693353346214563
841,4.330739798834267
842,3.802826506569828
843,6.262852129810481
844,5.837392499636345
845,6.196109193415915
846,6.304991706152173
847,5.535604323188009
848,6.242960060758883
849,4.928134876498526
850,4.443924001886949
851,7.328305862383382
852,8.17762786649069
853,6.512017793414594
854,6.257697913580665
855,5.559898286270774
856,7.2007686203165315
857,7.822604462508307
858,6.8617599077356966
859,5.409119632113571
860,5.232692486267802
861,4.984100042924703
862,7.651692171181194
863,5.022746990503543
864,6.8143302228057205
865,6.444197959405129
866,6.820569135480192
867,5.224427105553614
868,6.312272847476884
869,7.55603454203475
870,6.511486980632577
871,7.3285287523252105
872,7.483518003640307
873,6.009044168526608
874,8.861840469733862
875,5.405626396097028
876,4.949751567666277
877,4.677550492218466
878,6.407452235718261
879,3.463754773423999
880,4.850031341896789
881,6.511264160104757
882,3.8921829179503726
883,4.691360013468794
884,6.459078994104453
885,8.97864240040014
886,6.0994875397032695
887,5.986732683867168
888,5.329693843880078
889,3.688535384630369
890,7.343818797750438
891,5.780604761405422
892,7.136095220298167
893,8.703996455031584
894,7.358862055825335
895,8.015065277840728
896,6.208947953194689
897,5.68061304757458
898,6.697267125395748
899,5.375202453087291
900,7.378097944418706
901,10.17866566217486
902,6.2926651052644695
903,5.161195275574128
904,6.797506268014851
905,7.0485395715880355
906,9.01770357413131
907,5.866424470951015
908,6.350739030970154
909,6.966327301519933
910,7.778131520110319
911,6.719150468916788
912,6.980605775581635
913,6.024587945614777
914,6.363061300990531
915,4.37157695811794
916,5.620535083168371
917,6.011845811217946
918,5.095958599232795
919,4.990388243589728
920,7.626663135517043
921,6.354545196060199
922,8.912655943411261
923,7.593606419486887
924,3.8178505422652558
925,4.950285734801865
926,3.5786042167895276
927,5.2080122929949635
928,6.114108428271316
929,6.549081348486935
930,12.196019606023192
931,8.113637775779635
932,5.835320596536176
933,4.837180707339535
934,7.114067524801222
935,4.431490776432434
936,5.253400042934623
937,7.640367989806974
938,7.35833692384545
939,10.568119975009331
940,2.509986676607069
941,7.106029262732201
942,2.168908308702677
943,6.5303530109400265
944,5.675655633486323
945,8.82879294846368
946,7.0072872404667175
947,6.456450437012401
948,7.558351127289198
949,5.73262019884015
950,7.109098435157244
951,7.886571122212055
952,4.973564996300693
953,7.927629423365539
954,6.2806352613766245
955,5.4756353629405305
956,7.241483888406543
957,6.71351692597596
958,7.365790274818729
959,5.808889081286503
960,7.7589536678620386
961,7.58045330285183
962,7.0940346423217955
963,6.996609412405243
964,5.215251051115329
965,6.872303706070225
966,4.034748707346403
967,3.168731617995541
968,4.1576276326037
969,5.677052269257102
970,7.152220011032633
971,6.529693514794013
972,7.857585328241435
973,6.125069410160514
974,5.080856853228917
975,6.749700457690374
976,10.36142041160957
977,5.632966796157739
978,6.683735234022889
979,9.347808095778028
980,3.8021276395425554
981,6.3807485151469985
982,5.689588262327171
983,7.015671555442688
984,5.189994938905834
985,4.20250797811269
986,3.94900456249031
987,7.632292227767331
988,6.41338611869157
989,7.482753020633546
990,5.913841016809156
991,5.581661507892528
992,6.298824817707605
993,5.092936101590177
994,5.164659404525602
995,6.537654329542016
996,6.104411814521478
997,6.15747433485768
998,8.23026325695043
999,6.596417945540734
1000,4.693156007224908
1001,6.681712557958518
1002,7.505847693438732
1003,6.336858220889836
1004,4.857704456799703
1005,5.808170754519389
1006,7.409649913617896
1007,5.462087669186595
1008,5.685610494765165
1009,4.699470854923285
1010,5.757197404395421
1011,2.6978729026671417
1012,6.021437765604383
1013,7.121991658593793
1014,5.322776908180978
1015,4.088292592717658
1016,5.971249356659933
1017,10.381412821120021
1018,6.641955282608533
1019,8.57314521046606
1020,5.785259819727394
1021,3.6182788773526733
1022,7.599644967653431
1023,6.56907374931353
1024,7.002957041357432
1025,6.759446178777862
1026,7.847965237795102
1027,7.016101545414413
1028,6.225044774409576
1029,7.064928543663255
1030,6.702486307696341
1031,7.246238089218928
1032,7.407725959099762
1033,5.593749230580735
1034,7.890091209232478
1035,7.108413615807472
1036,6.89570484928715
1037,6.710570456565902
1038,8.575370442574746
1039,8.668224622468706
1040,9.392281818005877
1041,6.639374635608247
1042,7.881089557464575
1043,6.157785192429011
1044,5.282384032685796
1045,4.052498162769148
1046,5.916990969555223
1047,6.152120910978111
1048,9.172740725471677
1049,5.023783026162669
1050,4.053629639699076
1051,7.913784778558289
1052,7.598935873280707
1053,5.51365754388854
1054,5.377685669149806
1055,4.7845234773706675
1056,6.803521213951454
1057,8.221934086308748
1058,8.281752542220211
1059,9.575202055335064
1060,6.059819454534186
1061,5.367913153292021
1062,8.218438417310205
1063,7.9587787196811
1064,5.380962964933415
1065,6.112800970172935
1066,6.519193525560291
1067,8.403571223240133
1068,5.5525869659143705
1069,6.5317170761296035
1070,6.3015898740489416
1071,6.15653089242579
1072,6.790128495190012
1073,5.198840189448957
1074,9.281941591423957
1075,7.911943290557529
1076,8.093095594720177
1077,4.520088239825378
1078,6.662154756021037
1079,6.579259260982831
1080,6.796180675392234
1081,5.772249074987081
1082,6.75622825162423
1083,5.823944732421816
1084,5.680573344209106
1085,9.694808283015455
1086,9.429897317566947
1087,7.202058086894405
1088,5.649864990703073
1089,6.887366628427399
1090,4.458623643959592
1091,6.87889384044348
1092,3.1235992932466212
1093,6.505691630695375
1094,8.370212959471528
1095,7.481680147964935
1096,7.999021865125824
1097,4.019282558234691
1098,8.723598581370034
1099,3.868302567118527
1100,8.423938965892894
1101,7.102474705363016
1102,3.4856951984243745
1103,6.0340449351120435
1104,5.195000585292574
1105,5.5071818204272045
1106,8.598399663082374
1107,6.427238409288798
1108,6.231629805512339
1109,7.523986008096991
1110,8.092131235349653
1111,7.075431203068157
1112,6.245456246399564
1113,6.233469812323447
1114,9.576337151691687
1115,4.576303777568278
1116,5.523921597585568
1117,3.574940163798884
1118,4.196740634033227
1119,7.923392298037975
1120,6.775691285172393
1121,4.429032969090778
1122,6.9905250438419495
1123,6.419932018576501
1124,6.662620905661762
1125,5.329967661293787
1126,6.751527752037469
1127,6.445581838152585
1128,7.257630928612626
1129,7.322554805844953
1130,4.653824346078464
1131,7.589429107671614
1132,5.3207333450012
1133,6.303111854906612
1134,7.2435867637034885
1135,6.818824349517227
1136,3.601080771175071
1137,3.9518535704833733
1138,3.7935276174578676
1139,5.6021657890192325
1140,7.180062975255674
1141,4.4343550347144225
1142,5.780805209792171
1143,5.19000019957327
1144,6.048864389025362
1145,5.983821126748404
1146,5.045966368518121
1147,3.910109387741209
1148,7.39161876546637
1149,5.910483059979297
1150,5.107089399050488
1151,4.110172157277985
1152,6.497439523016106
1153,4.478465814672341
1154,8.303347640199314
1155,5.7341345249092734
1156,7.582134055178863
1157,7.749601607771465
1158,7.691835782595768
1159,4.7151252843908065
1160,7.1095686401491145
1161,7.154983131513573
1162,4.985410063012346
1163,5.607477153677165
1164,6.786573834535657
1165,6.943970897884875
1166,5.3011571009315555
1167,7.215770588890842
1168,7.990518596192083
1169,5.358763857716945
1170,7.538854896880649
1171,6.890631125290666
1172,7.012470351340704
1173,6.407337599044977
1174,7.683047205188187
1175,7.231129583604625
1176,8.02867907187857
1177,6.959221322299137
1178,7.898393149040485
1179,7.862434580677083
1180,7.198076884338257
1181,8.053304695857669
1182,5.306497229578391
1183,5.2668380376686
1184,6.668861415305906
1185,6.83482035992739
1186,7.559838078519816
1187,4.994761238544298
1188,5.5386101872066416
1189,8.392593325297922
1190,5.559221490670617
1191,6.203734316808146
1192,6.296363505415057
1193,4.9373787042264405
1194,5.662447381090325
1195,8.365813472183227
1196,9.777516646269369
1197,4.275957878742298
1198,6.14351384654453
1199,5.572950940708844
1200,6.429190102808489
1201,6.876020783637224
1202,5.472753828494711
1203,7.987090141719414
1204,6.798261937201742
1205,5.2546204000769245
1206,7.3546456052159295
1207,5.538294041642358
1208,4.878448277499566
1209,7.441973597918655
1210,6.509353213416317
1211,4.859935517965196
1212,7.5190217409668145
1213,6.331094566718376
1214,7.62861085281616
1215,3.873916230742503
1216,9.340278983374729
1217,6.9491251095074
1218,5.768027568653957
1219,7.379862678238674
1220,5.4693814216482775
1221,6.035522393111306
1222,4.03075898734488
1223,6.041833202571589
1224,7.920540886896156
1225,8.583531375314642
1226,4.648850998361295
1227,6.016783878368693
1228,5.794394294953518
1229,5.154627170794421
1230,4.27187776952139
1231,7.988704206062094
1232,5.643375087200703
1233,5.360430426728554
1234,5.7513075496377235
1235,5.967957796787514
1236,5.763182085104355
1237,8.701231951108921
1238,8.081303422058733
1239,5.368159252159395
1240,6.8089279851624775
1241,5.712484340276725
1242,7.1902769512928995
1243,6.99784354418403
1244,4.29702927389969
1245,7.30281216084638
1246,6.976600497002033
1247,6.443461896250093
1248,7.925923663020108
1249,6.003168556819738
1250,4.525127613441833
1251,9.357384081495702
1252,6.230254785035464
1253,6.8380419163573345
1254,7.373467503342504
1255,5.7302465902506
1256,6.878369440095008
1257,5.934014686939514
1258,6.717595567876115
1259,6.165076188963732
1260,4.44710591854192
1261,4.679186441339253
1262,5.38730886572153
1263,6.986632184282199
1264,6.025101445319316
1265,5.990085477881231
1266,7.120558818706351
1267,5.608685291217221
1268,4.2731296852801375
1269,6.863195857708498
1270,4.368168947265358
1271,5.606070058571796
1272,6.078224811164828
1273,5.594803984624897
1274,8.054794124006158
1275,6.526614377465699
1276,4.431061599073979
1277,5.747742510389394
1278,5.534275303522291
1279,5.998343489640839
1280,6.661841283790232
1281,5.61558875417205
1282,5.581661507892528
1283,7.0770960681134705
1284,8.28012608456499
1285,7.660560967450302
1286,4.5895390754763605
1287,6.000911950212477
1288,6.361772627824676
1289,6.4579000241395175
1290,5.713841633589774
1291,3.233918938683524
1292,5.380929033483254
1293,6.371676394821689
1294,5.472072229300985
1295,3.6387612067013024
1296,6.972364854836592
1297,7.095607903490028
1298,4.711987560640692
1299,7.984631346804518
1300,4.281339052556683
1301,4.179257439477234
1302,4.344470062735646
1303,7.354265242209814
1304,5.9532240246104005
1305,8.252157282634977
1306,7.329090244252762
1307,5.800737996307881
1308,7.045143006404552
1309,6.107305680834825
1310,4.827347622273529
1311,6.09290226144237
1312,4.4940712525454325
1313,5.887710565072039
1314,9.091417064542435
1315,5.462774246600302
1316,6.029619975468969
1317,6.274469278584157
1318,5.433490336350183
1319,6.198731822139558
1320,3.8148151118296583
1321,4.9046662913318055
1322,6.644949801011817
1323,5.714266929221204
1324,7.767520805964119
1325,5.936317442336596
1326,3.6111098089882683
1327,6.3545023817692305
1328,7.0907889831638125
1329,5.441204291897116
1330,3.6040221926380682
1331,5.860153097982725
1332,6.048436962447846
1333,5.149846044873422
1334,7.516521735633715
1335,6.67510759973407
1336,6.847780600514225
1337,8.4191173789589
1338,6.427823470487338
1339,5.4420800341454845
1340,8.444051474052968
1341,4.918089372941332
1342,6.2674805062084085
1343,7.148102718669699
1344,7.0944176299238375
1345,7.802603628603093
1346,6.2442999967857356
1347,5.643667498426617
1348,6.162769897040158
1349,5.162078011477726
1350,7.486605605547366
1351,6.649119307709325
1352,8.226658309990462
1353,7.053993561033672
1354,6.072272960707374
1355,3.4486179240507875
1356,7.821158274440959
1357,7.036970761748827
1358,6.352322502896237
1359,6.977989416189822
1360,5.9046675362429335
1361,6.1508117014384975
1362,5.8450394540598705
1363,7.212844533070489
1364,5.4482512487689485
1365,6.26046728288889
1366,7.972758514210282
1367,8.488036923080978
1368,7.066803977481478
1369,7.152567532720746
1370,7.553653378192676
1371,6.738201824634921
1372,4.338327339178755
1373,9.77364345466077
1374,7.754405169448156
1375,5.560165575449511
1376,4.409346895091013
1377,6.7757409532972
1378,8.056257682758142
1379,8.337908344607577
1380,7.2245350227991105
1381,5.897502556492847
1382,6.057075148883606
1383,10.451115137565075
1384,8.099202018461762
1385,6.4018466706643915
1386,8.836047801162358
1387,8.271114922287389
1388,5.5687214019631535
1389,6.8113759783178205
1390,7.583701107717894
1391,10.074166487691683
1392,10.70502364204759
1393,5.828602278718163
1394,6.4965388008773255
1395,6.084652089917936
1396,5.594476814541445
1397,5.959935417757671
1398,6.183247789475272
1399,5.373719615092861
1400,8.282293524154335
1401,6.518304100291581
1402,7.434578111086294
1403,5.190653773725509
1404,5.62693456348513
1405,6.541166932539064
1406,6.779600301688616
1407,6.1690964956836165
1408,8.072071640546307
1409,7.404922242510616
1410,6.092030664500791
1411,4.927855854777873
1412,5.869297960464165
1413,9.672115966796419
1414,7.909279214191494
1415,4.152094980219368
1416,7.2147294738056695
1417,4.5926725605207235
1418,10.855252827589148
1419,7.108697933170616
1420,5.002158291830993
1421,5.320432495862925
1422,5.171412290761792
1423,8.12414323564969
1424,6.231804722440129
1425,7.2890914007041925
1426,4.980290710533437
1427,8.16753022267977
1428,7.138420294120402
1429,10.218124797982737
1430,6.945913144330512
1431,6.761943007663204
1432,8.391459964929082
1433,8.337461659280558
1434,5.979512266859779
1435,3.975216637629793
1436,9.060810597781083
1437,7.418154572184276
1438,9.075864928170228
1439,5.950681203077289
1440,6.362735934735206
1441,8.018216234950678
1442,5.291338032092036
1443,4.670311172843463
1444,7.574898872350159
1445,4.889026635389706
1446,8.248414448231934
1447,5.639732789941783
1448,4.399043888297738
1449,10.194914933194532
1450,6.3301732776165505
1451,6.67565909153228
1452,5.73465933461791
1453,4.132682664624164
1454,5.790879059468872
1455,6.902816000986214
1456,7.37124807739775
1457,6.6563863725062316
1458,8.140685586656724
1459,7.411666071241208
1460,8.012512235918217
1461,3.3137066337188217
1462,5.653775567769636
1463,4.1705227734151515
1464,6.783910490575686
1465,6.10395485373244
1466,6.319431631613562
1467,7.767029369559451
1468,11.231251656045343
1469,3.975167195568752
1470,5.156328994796746
1471,7.6960308198900345
1472,6.388114354531873
1473,7.539388963155539
1474,6.186347739558706
1475,6.083917727750824
1476,5.668532285326647
1477,8.052535286546636
1478,6.402342316834216
1479,5.879257648260642
1480,6.143022085365656
1481,8.009460098763675
1482,9.622756126506438
1483,6.608919198865179
1484,8.041005444999934
1485,6.918838311328323
1486,7.484712225081759
1487,6.05212846572641
1488,5.882004285406138
1489,7.211409685438007
1490,6.554474780629399
1491,2.6429297038451396
1492,4.358116124748954
1493,8.143857811488084
1494,4.166078004515449
1495,8.590113571850049
1496,6.3155877181175635
1497,6.486122995244214
1498,7.276069179173929
1499,6.619976634796613
1500,7.345638657173873
1501,8.786504287516719
1502,5.564587163120732
1503,3.706008760153337
1504,6.235853972660657
1505,7.5666438771609785
1506,7.712814737813742
1507,5.783212222897701
1508,5.5948649910120105
1509,4.713292008804556
1510,8.606603162920065
1511,8.380858078568572
1512,7.998777997414718
1513,5.449955354281256
1514,1.5882110077112075
1515,6.92096684895324
1516,5.768297042320733
1517,5.204006014477792
1518,6.976763778768665
1519,6.732906521715955
1520,6.97968809798254
1521,4.75181186658535
1522,7.296525584246006
1523,5.584033442165102
1524,7.328281953118286
1525,5.733710194219904
1526,3.8325855770140658
1527,5.745141163040494
1528,8.006896711743645
1529,4.061663563162761
1530,5.2757259096420706
1531,5.685264902203522
1532,9.552615648772472
1533,7.559626041162401
1534,5.030895627869136
1535,5.131947063090203
1536,6.927571561860814
1537,6.394707419269535
1538,5.42191399365066
1539,4.491696874946056
1540,8.760206341308328
1541,7.889586243792615
1542,3.8984026219910044
1543,7.3044463746105714
1544,6.1127823800730505
1545,4.881202219683756
1546,7.117750859363306
1547,5.137542223119973
1548,2.9440867250828484
1549,7.42066237447903
1550,7.6695829851526565
1551,6.192932428042978
1552,4.935183766682322
1553,8.387568161590307
1554,6.6270806648268
1555,6.874058426601146
1556,7.882318421350929
1557,7.643504093674265
1558,5.031033575869797
1559,6.837788455110577
1560,4.313375344746029
1561,6.803342810816113
1562,5.361102273708249
1563,5.532767003659111
1564,7.583831025986283
1565,6.856012889735731
1566,5.975988071870516
1567,6.385056380519537
1568,7.172689756649157
1569,6.348292564507856
1570,8.483978235953652
1571,8.239910086481865
1572,10.254641831045147
1573,6.476211634227689
1574,5.28170472710513
1575,5.92896723206678
1576,-0.4628337007647394
1577,8.421758047060003
1578,9.415843218306973
1579,5.0005575846494645
1580,5.9806174607825335
1581,6.949649706889937
1582,7.772324437377675
1583,7.3289703703436055
1584,6.585487305647413
1585,6.815327746525832
1586,7.776867334080007
1587,6.502114209330622
1588,4.903476884799884
1589,4.936880037164479
1590,5.40616779206931
1591,3.474590437922026
1592,4.048912069440403
1593,7.625823772952854
1594,4.293503431289147
1595,6.674953894243623
1596,8.2248158401622
1597,4.493847962251999
1598,4.05162214956391
1599,5.188978764500072
1600,6.2399479162000455
1601,5.172365989094552
1602,7.826339149240367
1603,6.434340843943169
1604,5.699842938438047
1605,4.665926384138907
1606,5.7196524805063484
1607,6.900905321816546
1608,6.994073212472878
1609,7.567747401105017
1610,9.315575246870422
1611,7.083240468872256
1612,6.541723794587879
1613,7.103144422219494
1614,7.43824425238955
1615,7.238440189350795
1616,4.78217125363387
1617,6.18692232480094
1618,4.718374545467951
1619,6.867188107965881
1620,6.332240443413476
1621,5.209773091294037
1622,5.415720594565365
1623,5.910131209864913
1624,4.098039627357658
1625,5.964017065514377
1626,5.2978498000487075
1627,6.792825411561635
1628,7.965413322550895
1629,4.092554325202905
1630,8.220733581694327
1631,6.568001064938977
1632,7.609789182163068
1633,7.835786173398042
1634,7.4272828811168035
1635,7.14170700083701
1636,7.053116514412573
1637,4.038578417998516
1638,3.4898647664509292
1639,5.2462537679271515
1640,7.599007735911592
1641,6.4577586387898105
1642,7.0812550247104
1643,6.094507681452847
1644,6.527832896874598
1645,8.44039182512966
1646,5.2166018228995705
1647,4.764294231911036
1648,4.59211216790714
1649,6.805848540779658
1650,6.081015054824375
1651,6.23678326602777
1652,3.8141024704187396
1653,5.446299600691701
1654,4.106932698393899
1655,6.107303193638082
1656,5.323071312958356
1657,5.249972328183786
1658,8.702553776918245
1659,7.507677176429125
1660,6.249530789448337
1661,5.413019089537152
1662,6.752634446162402
1663,7.767767584733115
1664,6.289800639973287
1665,7.485113154615257
1666,8.52857682066343
1667,7.374451427726464
1668,7.220011058235792
1669,7.484099780441789
1670,5.842774356159053
1671,5.422984117804455
1672,7.048947520823559
1673,5.852238563278257
1674,8.033262781278891
1675,6.065134832519389
1676,6.26581806933205
1677,4.1024725996272275
1678,6.2648941504281135
1679,5.414194667669613
1680,4.1247610346431935
1681,5.68836217199948
1682,7.14267896568304
1683,6.5688988651195865
1684,6.396470998376182
1685,7.681843034446097
1686,5.011473280224487
1687,4.610794272302479
1688,6.1165336457891595
1689,4.5143839280065645
1690,5.7271865459320646
1691,6.60249981213593
1692,6.53851658735362
1693,5.142131667356403
1694,9.289339504128575
1695,6.037669743079783
1696,7.558662182945732
1697,7.183120229911138
1698,6.211820809290253
1699,3.7575260148492413
1700,2.4483167312633407
1701,5.611814075322919
1702,6.829658185685103
1703,5.1725710602807435
1704,7.813624682199184
1705,4.982732734309644
1706,5.44180968692178
1707,6.468721722190417
1708,6.860606456396064
1709,7.1905449013743885
1710,7.470412367979017
1711,7.223523784613072
1712,6.233454188512561
1713,5.935450738669325
1714,5.772229380167401
1715,5.956586218402259
1716,7.88369457637834
1717,3.6332767923343554
1718,7.162007452160024
1719,6.07953607693667
1720,6.032662932299273
1721,8.148287817701485
1722,7.8597170496664654
1723,7.334819788101023
1724,7.381762638879601
1725,5.830728413533789
1726,5.185377567213719
1727,6.349689943105032
1728,7.565412208489134
1729,7.660560967450302
1730,6.664987731536085
1731,6.591900145569808
1732,6.719741800385519
1733,5.615194909199595
1734,7.042716652089035
1735,7.811375577216105
1736,6.124434334579119
1737,7.214406817800929
1738,5.4123214256363195
1739,7.5920044954148675
1740,6.565880928059934
1741,7.730604406890334
1742,5.916667073014261
1743,8.387988453756689
1744,6.141608632897542
1745,5.873785232135843
1746,5.680422085690507
1747,6.443617427434502
1748,4.473376297623482
1749,6.880736650884783
1750,5.432654751441597
1751,8.688500057250673
1752,8.005260198612241
1753,9.714285940548104
1754,6.549180277867263
1755,5.473728301014085
1756,6.524910910486661
1757,6.175023219711471
1758,5.349688469862991
1759,6.713211353864204
1760,8.20241920157815
1761,5.628410967028281
1762,8.457383200710474
1763,9.416291643183804
1764,7.039992131629853
1765,7.132175595141754
1766,5.5152823878912125
1767,8.020453830724882
1768,6.339522935280507
1769,5.7074480819686055
1770,4.384509344480021
1771,6.540442177922679
1772,6.992561391607119
1773,3.958695479117119
1774,7.502209204103161
1775,6.84626444118504
1776,8.24277385577313
1777,7.707533100909651
1778,5.764691643871911
1779,6.46036113513429
1780,4.975586598956007
1781,9.539676445255788
1782,4.034361678468081
1783,7.44035863813434
1784,6.829852442624825
1785,7.689338278252358
1786,5.800493269202262
1787,4.826512476421663
1788,6.828916731647324
1789,5.686724524723386
1790,6.248214960016932
1791,6.150985165847097
1792,7.604564494460242
1793,6.222749085078531
1794,3.9845249982659476
1795,5.855954868737454
1796,7.662984734984598
1797,4.23738477738386
1798,6.426682661595415
1799,5.3284837466395
1800,6.46074501615528
1801,6.3028053860385365
1802,8.08561517907179
1803,6.055329174960489
1804,3.6972741116792998
1805,6.052710199008571
1806,6.236445509524452
1807,6.594284271024945
1808,5.807661446868743
1809,4.073476824617111
1810,5.629569437310743
1811,3.2156362037008615
1812,4.242567317629719
1813,5.175272644032075
1814,6.039250730142677
1815,6.62895039832466
1816,5.476674187045824
1817,7.8398756657648585
1818,7.288363977130367
1819,6.739861827077726
1820,6.247271469019607
1821,3.9087583817759475
1822,6.654336120871731
1823,5.228599826180976
1824,10.205356829193585
1825,5.93597564034878
1826,4.759691424548064
1827,5.240889789776298
1828,5.20496648219119
1829,6.4275801841361595
1830,7.357751905500036
1831,6.5402270980581045
1832,6.617644756396031
1833,6.0502266565986895
1834,4.1434205941655415
1835,5.621364925609951
1836,8.385293309347214
1837,9.28890499289134
1838,6.703419760132925
1839,6.307146894360185
1840,3.8938925681419017
1841,5.634477319313697
1842,7.012172086153724
1843,4.406851589879403
1844,3.610675533888126
1845,5.876842364602063
1846,6.381425884321808
1847,6.1978163505796795
1848,5.735763748581626
1849,6.128343841849138
1850,6.2105922635240045
1851,6.310064653207115
1852,8.633874980515936
1853,4.4343550347144225
1854,6.701381521115359
1855,7.4078674389216355
1856,8.7158451864048
1857,8.222143807593563
1858,6.593640523062796
1859,6.800753818679651
1860,5.054933281466502
1861,8.185509631114265
1862,5.671467538776207
1863,7.5917698298358625
1864,8.67065465153456
1865,7.483040947706791
1866,5.342477400660128
1867,6.715365408556236
1868,6.211863259230605
1869,5.768752536094845
1870,7.958501157326787
1871,4.7585186552826695
1872,6.60703347264308
1873,4.492257996491672
1874,3.8994918271749257
1875,3.9391926707171985
1876,6.523671450464745
1877,6.824046056037615
1878,5.243869006957821
1879,6.5828039017101725
1880,6.244217728550731
1881,8.039751530238897
1882,3.8135570502602705
1883,8.450471741171505
1884,6.428463237978172
1885,8.512158342490302
1886,6.550007719386768
1887,7.8046513963250215
1888,8.999655924040377
1889,7.5528113953392415
1890,6.735301793959985
1891,4.520360607250323
1892,5.51317003754371
1893,4.338408685732753
1894,5.093438897787847
1895,3.0575457034861353
1896,7.43853595629872
1897,7.299567993739921
1898,8.413838988734197
1899,6.041479909237347
1900,6.440528216429407
1901,3.838457038240045
1902,6.481430007639856
1903,9.742383625978215
1904,5.651111030580351
1905,6.958405801368199
1906,6.994974904556835
1907,7.237546183582318
1908,6.325302131959284
1909,5.116838788766755
1910,5.194285064241113
1911,6.328603560991334
1912,5.323071312958356
1913,7.036864538883102
1914,5.352487307215207
1915,6.224999942085843
1916,5.490142876768524
1917,7.806743718377725
1918,7.257881171837935
1919,4.617840103286249
1920,3.63379380936619
1921,7.321711483298996
1922,7.756400430071673
1923,6.201265373174061
1924,4.612298651827869
1925,3.2203077050676905
1926,4.193184294650846
1927,6.462212309873004
1928,6.051818536950628
1929,6.016810545485506
1930,5.759447893469365
1931,5.407035404814047
1932,6.014253428683838
1933,7.183173506923205
1934,8.182482762827528
1935,8.851626707848078
1936,7.95170731510968
1937,5.068959546552206
1938,5.479633184712449
1939,6.089458406039349
1940,6.931855265399073
1941,6.682617068607497
1942,6.500736928931979
1943,7.175178869912593
1944,6.2826779641632635
1945,4.509962773649304
1946,7.721383501076667
1947,6.002172544917422
1948,7.703927540950255
1949,5.851067331869282
1950,7.114695589496997
1951,7.075826234044663
1952,6.411553305519474
1953,4.584414730601848
1954,6.136501557992752
1955,4.7667307447623495
1956,4.99459953733328
1957,6.416209925130088
1958,6.030526167699969
1959,7.108608351987237
1960,6.7046233547301295
1961,7.420543721036948
1962,6.134474008688422
1963,8.277783576463271
1964,5.954078089819242
1965,6.375474660983465
1966,5.689031058899283
1967,2.8540656671889986
1968,5.239004377830093
1969,6.115381623252284
1970,5.763678925118762
1971,6.517611578845672
1972,5.86076012932842
1973,8.493583948228034
1974,7.643302679567165
1975,4.906866034745286
1976,8.016254309382527
1977,3.3937698738287247
1978,7.5938041955672
1979,8.691286385285194
1980,4.4985971144474854
1981,5.152841171178403
1982,6.467959092854977
1983,5.98549555731398
1984,7.931888182385188
1985,8.360267044865914
1986,6.566798214727492
1987,5.192421766975323
1988,4.637997836646091
1989,4.078669591728208
1990,8.592669009376147
1991,5.844566050306012
1992,7.4367803266252945
1993,7.284859332309289
1994,6.116448495953187
1995,6.1654102241287285
1996,6.545612130142723
1997,7.585971163585378
1998,4.764620562556552
1999,5.2518040956334255
2000,5.412749045769993
2001,7.321813138484296
2002,8.237112937939228
2003,7.000520327032583
2004,2.7539428064142806
2005,6.479781291840764
2006,7.336463304838213
2007,6.721554759939473
2008,4.983868007579596
2009,8.303586104299312
2010,8.169523477774938
2011,4.790907289341986
2012,8.006368803462983
2013,7.633290204851229
2014,6.352132986780189
2015,8.721579687164477
2016,7.115845286313116
2017,7.2605740570411905
2018,6.037922683237694
2019,5.751639801192661
2020,5.454055414461046
2021,3.2478722341889403
2022,7.968355486202482
2023,4.942872715859549
2024,8.276434450577936
2025,5.688698264603145
2026,5.614319398951516
2027,7.424896738708008
2028,7.83504996564835
2029,5.7493652124178976
2030,4.552439112316798
2031,6.3225398648503965
2032,5.770025461023189
2033,6.758317672500717
2034,9.533936797359793
2035,1.7680662521757367
2036,7.23106085727482
2037,7.59029855651198
2038,4.757297927762516
2039,5.1125316316170535
2040,7.92278082179707
2041,8.49200285178045
2042,6.5854081649961795
2043,6.276316268251841
2044,7.2742949756635165
2045,6.705209855929125
2046,8.250797082246727
2047,7.586259246330479
2048,5.857058500917952
2049,5.959267340814727
2050,4.387737406078096
2051,3.245554438903647
2052,3.3882787783855344
2053,6.353228365884726
2054,6.069156217452993
2055,6.531870749194746
2056,7.818364671209161
2057,5.28258851870879
2058,5.624921177210646
2059,6.744141468065491
2060,4.618763030082442
2061,9.07937040335633
2062,5.858263450879854
2063,5.7706421380122
2064,6.548330725049319
2065,7.2625965554266765
2066,5.499087047587246
2067,6.779106336171545
2068,7.5131187644097475
2069,6.348896339634221
2070,6.558975346706171
2071,5.3154553544905605
2072,6.324633693598622
2073,5.562404492579217
2074,7.245394170804098
2075,8.002702313755032
2076,6.830715586843831
2077,7.305972603910332
2078,6.58682123359774
2079,7.258573554160258
2080,3.233999480401118
2081,7.410897680570593
2082,5.965941761410755
2083,5.374832418735033
2084,5.5606944924862285
2085,6.272753221722774
2086,5.74128494552003
2087,4.443461285709938
2088,7.1622609201199845
2089,6.151927903820771
2090,8.345090338844157
2091,7.002962324106475
2092,5.329533126460147
2093,4.843216085148297
2094,6.164525054922302
2095,7.025592486849356
2096,5.1942746664959225
2097,5.6970968083408575
2098,5.552870284093215
2099,5.3180455607712895
2100,7.540522232904146
2101,7.751079481402081
2102,4.8068311015525165
2103,8.164906285768948
2104,6.52222760532487
2105,4.6987579852662344
2106,6.387558526525546
2107,6.0107973486324875
2108,5.491060690421883
2109,6.423602438043923
2110,6.9117944724444635
2111,8.685492099535905
2112,7.667251368184507
2113,7.784209969299419
2114,6.335634564970233
2115,7.23544277875436
2116,8.182149252882988
2117,5.406155549428669
2118,6.065927558082486
2119,5.890018826056176
2120,4.473376297623482
2121,4.511381631557297
2122,7.145165564899394
2123,4.899720284425994
2124,6.8349554181007175
2125,5.229034675352119
2126,4.9328091329612755
2127,6.412206864388564
2128,8.572782491418872
2129,4.19970449149566
2130,8.043083283548468
2131,6.02868346759743
2132,4.760453154182479
2133,7.1468618572194424
2134,6.6234050376611515
2135,4.256927500555603
2136,4.398515976333834
2137,6.092907173058443
2138,6.489516090698609
2139,6.292820193767121
2140,6.1042288460144585
2141,4.400924020913913
2142,7.5212567859230655
2143,6.833160039546379
2144,8.564050311043111
2145,4.222667044870428
2146,5.940556395027266
2147,6.2203743818377655
2148,8.768660683112385
2149,5.27494275543023
2150,7.236951969147008
2151,9.025325032812868
2152,4.202340197150584
2153,6.522087344758175
2154,6.719598193082048
2155,7.312971647228833
2156,4.643263130388328
2157,4.12021431943168
2158,6.952051783474922
2159,8.373425746209533
2160,7.937180838987438
2161,8.293280071959607
2162,6.068039241238304
2163,8.274189639667902
2164,5.788795514947716
2165,5.895918135565403
2166,3.246856017034871
2167,8.328222933007337
2168,4.616229300706046
2169,7.436727085244066
2170,3.8832133926540076
2171,6.163951048342434
2172,6.594024585187591
2173,7.525260984249649
2174,6.141822616686396
2175,6.610020799808418
2176,6.495422057291135
2177,5.60802523462945
2178,7.051809862994842
2179,5.609212865993478
2180,6.0589431571857455
2181,11.154326939964967
2182,7.956500835297953
2183,7.712166954874712
2184,6.9000460385492
2185,5.688718765686927
2186,5.262614436260784
2187,7.470633468533884
2188,3.9486032627733545
2189,6.698912910891805
2190,4.918045545842284
2191,6.724410265596412
2192,7.9989118337176075
2193,6.579693956767692
2194,6.471769229079937
2195,9.256902837405788
2196,5.938712391946475
2197,5.257420961273561
2198,6.685712516583913
2199,8.377464772729178
2200,6.881841483940257
2201,6.043421093825196
2202,4.5468651146098376
2203,5.8102492840803786
2204,1.9627641038219334
2205,7.184780332341284
2206,6.626543593640518
2207,9.507251691643939
2208,7.772857216127314
2209,3.119776070498639
2210,6.46461568377009
2211,4.567508329957773
2212,8.48773148291758
2213,5.590747700258644
2214,6.274705494675396
2215,4.4591782718565
2216,6.580575992342629
2217,3.0202145976959907
2218,3.573886046430117
2219,4.675885577220066
2220,4.97802848512361
2221,7.478532463283328
2222,4.527706249906779
2223,8.720321062010326
2224,7.186234632111842
2225,7.441712637162992
2226,6.386655852641135
2227,5.9793639648817685
2228,4.6530185041704595
2229,4.612291715746843
2230,5.559968816384363
2231,6.553575374083771
2232,7.358309391429949
2233,5.604175458730034
2234,7.973364462703622
2235,5.706263369971162
2236,5.977082735382565
2237,4.398763959448439
2238,6.191016468267035
2239,3.5802583883228687
2240,6.588031486825067
2241,7.0490445572543745
2242,8.52290777892501
2243,7.98815762881673
2244,4.7069092607330925
2245,5.384661378408337
2246,7.083920569656194
2247,7.541706797699872
2248,3.4089829741920505
2249,8.884998178691886
2250,7.059492814835094
2251,8.05279831511899
2252,6.341330174160531
2253,6.995611305012582
2254,4.372060194379001
2255,6.8985658812885555
2256,6.858033839284482
2257,8.703598178601688
2258,6.141017298927464
2259,8.526461482319583
2260,5.601678603538468
2261,8.344166868587815
2262,7.18823940853924
2263,6.693884715497512
2264,6.077067564557688
2265,6.484415219732505
2266,4.883215592419739
2267,5.571379698152264
2268,5.376122502468489
2269,7.449267380070806
2270,5.220475216873011
2271,6.406210573658037
2272,4.557953129823155
2273,6.032192623474267
2274,7.148779687708439
2275,7.7220322348744554
2276,6.928305207353852
2277,6.204896329914441
2278,5.790510723206858
2279,5.659304700201184
2280,8.428396795470286
2281,7.474272113813923
2282,5.53794538076937
2283,6.611323679906773
2284,4.876132555824889
2285,5.791595052087642
2286,6.045770734022477
2287,7.755099716183914
2288,6.035182742373136
2289,4.3555512320238545
2290,8.093710106073841
2291,7.548003831819693
2292,5.131947063090203
2293,4.42152067150556
2294,7.459149219386341
2295,4.913568992581141
2296,3.2816192392179397
2297,7.452468530171765
2298,8.20191605040106
2299,6.808274617357084
2300,5.532200430825065
2301,5.979150286169493
2302,4.421116902186051
2303,6.854762165574639
2304,8.746484028752612
2305,4.308713783658782
2306,6.611036956642743
2307,5.9783688826394705
2308,8.128876848392402
2309,7.0615103231578455
2310,6.30988312077926
2311,6.198402449231758
2312,7.396643228443564
2313,6.282228887437951
2314,8.415137455176874
2315,8.018512801807965
2316,5.695603943581383
2317,6.6100469039970955
2318,6.6346829278905455
2319,6.084986663503797
2320,5.482171418036442
2321,5.004841799851702
2322,7.25058014640542
2323,6.299313182410125
2324,8.971972314043848
2325,6.694124420728778
2326,5.930174631762889
2327,6.498212433708937
2328,5.52935033722707
2329,6.062391742114697
2330,3.3673708545853254
2331,4.890775250426992
2332,6.780089778482371
2333,4.076718796749057
2334,7.262436608546133
2335,6.0734702808245595
2336,5.6459248891638305
2337,4.110296537285022
2338,7.750674058885644
2339,5.98365030261658
2340,6.869235041153453
2341,5.559440761916059
2342,4.579126755265471
2343,3.7516951803677836
2344,3.8911681385566874
2345,6.23783118903185
2346,6.761022279368782
2347,5.069787994495138
2348,7.226799278527606
2349,7.544839443165579
2350,6.596980995095064
2351,7.976853867902092
2352,4.530120416043752
2353,5.720169438971944
2354,6.928404252390747
2355,8.587963826523783
2356,5.558986130483673
2357,6.8605154846178005
2358,7.1465906458930215
2359,6.232489526181153
2360,5.773772861933645
2361,7.253943085040697
2362,6.400789813560146
2363,5.89298889853631
2364,8.058902310206186
2365,5.729854147244219
2366,8.503557147709499
2367,5.953573204646373
2368,5.284362752150224
2369,7.392145725202291
2370,5.299521665347411
2371,11.379944940111779
2372,7.136349466324019
2373,6.582836666305917
2374,9.180533108731025
2375,8.034404530330512
2376,6.792868341911849
2377,6.215048371336317
2378,5.897674724667295
2379,5.934767838362469
2380,5.012084184547867
2381,6.9587935788698
2382,5.0024098983597565
2383,9.450149839462547
2384,5.964701160290415
2385,6.121784675607665
2386,6.589815691817017
2387,5.55537045428383
2388,5.0420743352129245
2389,6.812834860701124
2390,10.58507017305993
2391,4.681862083941774
2392,5.149790043007952
2393,8.67115217711176
2394,4.3340788082492105
2395,8.873471467797168
2396,2.6242939648714776
2397,8.393039092521173
2398,6.288663583946173
2399,7.863720332982039
2400,5.413815282487641
2401,5.3857229586322415
2402,6.214636414572461
2403,5.737558599636551
2404,3.979348485922229
2405,6.150986483040752
2406,7.642689584660102
2407,6.401327337858957
2408,5.300711711794585
2409,6.385684850869721
2410,7.5715978801104535
2411,6.6695238180205445
2412,10.062012032766061
2413,4.15809861977351
2414,7.017824549020871
2415,7.4705528986235645
2416,6.648080887207753
2417,6.161176804548004
2418,6.978444440413619
2419,6.851469407340638
2420,4.6465242731306455
2421,6.6980449938915365
2422,5.138315721788396
2423,6.845648002474783
2424,7.485654116897941
2425,3.552955935918882
2426,6.332198561975539
2427,6.350284440349747
2428,5.755238748843395
2429,5.776164482106261
2430,5.53466251687888
2431,5.199562548691184
2432,8.365139972900176
2433,7.68938979231421
2434,8.152830534610581
2435,5.922124220056099
2436,6.573784381089636
2437,7.867822898794267
2438,6.025403820656316
2439,5.980008646771759
2440,7.499640854474429
2441,7.635808883809942
2442,6.688307065522687
2443,3.9845249982659476
2444,7.286127001592427
2445,5.954220394270629
2446,6.07830664921522
2447,7.228251367136701
2448,6.558310242751355
2449,6.649551884791031
2450,5.735624628972396
2451,9.385115170926447
2452,6.148888270669259
2453,6.989994288049794
2454,7.3846975310730665
2455,7.121870933973292
2456,6.342816554625015
2457,3.5340829230249904
2458,4.843253507701148
2459,7.548558369790563
2460,6.182689756824685
2461,6.1754590065707555
2462,6.883232118984152
2463,5.221866737269293
2464,5.28484403995054
2465,4.821455582094651
2466,6.940482411071853
2467,6.341524273787905
2468,9.880499114259301
2469,3.082166569190627
2470,5.287251270611315
2471,7.554498778138233
2472,4.329332301627397
2473,7.420300695987235
2474,7.010151213412038
2475,9.85812784889874
2476,7.888015423254101
2477,6.537196936526298
2478,3.5812661875391414
2479,4.121624205603035
2480,7.507648265749877
2481,7.242934856571365
2482,6.070744802876612
2483,7.552415209149613
2484,7.0163845083248555
2485,4.3186171554694335
2486,6.706929731869033
2487,5.4271743732702555
2488,6.731997516667044
2489,4.323268353796771
2490,5.85891729640077
2491,6.692086665961647
2492,7.47159477248129
2493,3.3649607271750677
2494,6.809337685287184
2495,7.9610398762620855
2496,6.042798125947749
2497,6.340026274024745
2498,5.663886607424784
2499,6.339646619050027
2500,4.025388654590925
2501,7.118824678236988
2502,6.3155877181175635
2503,3.72823048446896
2504,5.8007169176685744
2505,5.503735425331407
2506,5.849726243827328
2507,6.547635891078526
2508,6.231403406676287
2509,5.876858799664033
2510,7.016797618606061
2511,5.5176549934654355
2512,7.030801263285239
2513,3.944613915688543
2514,6.279126465524596
2515,5.549763764442624
2516,5.618404909988905
2517,6.9261378069628075
2518,4.630395277237363
2519,7.9445261735493755
2520,6.80490867621807
2521,6.142893409088679
2522,4.913568992581141
2523,7.514355295986712
2524,5.103170390262272
2525,3.491880702378977
2526,4.146210417950507
2527,5.819032222173129
2528,5.811505191286697
2529,5.933285488680277
2530,6.1831700723708405
2531,9.48995900383904
2532,4.529563287430897
2533,5.717688713570689
2534,8.357307714343342
2535,3.3439988603955237
2536,7.322527896140228
2537,9.406094925710528
2538,6.0798265975887
2539,5.183823544229704
2540,3.6830727513138948
2541,6.6152090326055
2542,7.564734105865055
2543,4.898292110767498
2544,7.36626445781581
2545,6.69430538041007
2546,4.798232646272987
2547,6.919145947293428
2548,5.043718664811032
2549,5.074081703223379
2550,6.938073773614006
2551,7.142599356911483
2552,4.801221465168338
2553,6.783592855341859
2554,9.285111460664039
2555,6.632598791708288
2556,3.2437873219437785
2557,8.72549608513287
2558,7.858560138283388
2559,6.639947542854821
2560,6.091275835274751
2561,6.603377760444865
2562,4.759691424548064
2563,5.174706178318552
2564,4.238581550753744
2565,7.982140854415371
2566,6.108634294482337
2567,5.897573352187747
2568,7.594578007783235
2569,6.756512252364296
2570,5.739539819384218
2571,6.386123261183976
2572,4.083542701636866
2573,7.096323549898963
2574,4.021778510865543
2575,7.672331739332159
2576,6.755437927955946
2577,4.69991299852206
2578,9.760235669686672
2579,5.244077899173417
2580,5.909519799761775
2581,7.133044376346839
2582,6.650143205224877
2583,7.165890520146214
2584,3.9930403301573927
2585,5.297195365225499
2586,6.623699794294508
2587,6.241899550099616
2588,7.080875247319065
2589,5.435140386910072
2590,5.39407576504123
2591,7.607601810989136
2592,3.875086418806469
2593,5.874992324646478
2594,5.800748038002504
2595,5.6868565093368995
2596,6.666793063752548
2597,7.56331398244543
2598,7.738894849489548
2599,4.367443930531018
2600,6.2967492160629
2601,6.1764622250298595
2602,7.783106781935485
2603,6.056184758461596
2604,7.317105986948769
2605,5.84726049672855
2606,5.410451169871804
2607,6.872003090808276
2608,5.2699684603017625
2609,6.521503925278531
2610,6.364417280061908
2611,4.659852665212666
2612,9.605655943568815
2613,6.096909951145386
2614,10.397632990103894
2615,5.593106905715386
2616,4.689802041531544
2617,6.836379684109084
2618,7.192435127625059
2619,9.6860516025177
2620,5.136044969227961
2621,6.287750673772785
2622,6.223228060446282
2623,6.358835996203717
2624,3.5838382887910223
2625,5.495932304478225
2626,5.155693041380396
2627,7.645271831450655
2628,4.954955506923008
2629,7.29257674935304
2630,5.103039349338642
2631,7.899311877769206
2632,6.930104280438692
2633,5.909051121476815
2634,6.506584679011731
2635,5.138350811500964
2636,7.206554322014719
2637,7.331186618450894
2638,6.296655539900085
2639,5.057213213613587
2640,5.869385826246394
2641,3.581921473588019
2642,6.191721447586638
2643,6.51863434761851
2644,6.556772326507208
2645,5.761406099836273
2646,4.332743041032073
2647,6.2911208823828115
2648,4.348507539325793
2649,7.006274586987557
2650,6.739768141490068
2651,6.305383610807049
2652,8.885312121244676
2653,5.932017294441331
2654,7.370119838204401
2655,6.335323723115445
2656,5.04256745388585
2657,6.879125479820059
2658,6.033181705254092
2659,6.22905721889999
2660,6.002781234604805
2661,6.6229056249345115
2662,3.7020598408201395
2663,6.943823949890949
2664,6.760442098604991
2665,5.357085804788377
2666,7.651809309979009
2667,5.535329072419982
2668,5.874409616396016
2669,7.871289966361084
2670,6.454903846055978
2671,7.1186105768206795
2672,8.032850009891545
2673,5.64556268304893
2674,5.3226650745669355
2675,6.553385549159025
2676,7.7831244594784135
2677,6.4642020351080385
2678,5.225562892223544
2679,6.472655257665165
2680,8.364285029874333
2681,6.9538126349266856
2682,7.126569128882975
2683,3.5626777474647597
2684,6.858753692297169
2685,7.519535864798227
2686,7.117265839601324
2687,4.739041471995329
2688,7.6000790601140675
2689,5.497201151738691
2690,6.356413228900743
2691,7.565036555470734
2692,5.852743717539448
2693,4.360556033939752
2694,3.329396708266878
2695,6.70870369136133
2696,6.670525524676642
2697,5.543544397575325
2698,5.465291040178554
2699,4.519086146507626
2700,8.677702965156923
2701,9.08204387730762
2702,6.588527354726986
2703,5.773224813222947
2704,4.219759870047993
2705,8.236863255096575
2706,8.713738304323043
2707,6.783420804160697
2708,6.1236965321637
2709,6.422785578497092
2710,6.479596777314833
2711,5.254366113617444
2712,7.90311531985713
2713,4.898467052351003
2714,7.833932504072719
2715,6.79898073995747
2716,3.2207472740834158
2717,9.277354958262158
2718,4.12599947675727
2719,7.621249023560773
2720,7.420452665052445
2721,6.352599453556023
2722,5.113495219541229
2723,5.00679699807693
2724,6.082029316162839
2725,4.280433704736944
2726,8.727311071811137
2727,4.759508278148415
2728,8.489820302077142
2729,7.921775807695263
2730,5.624834779085682
2731,4.302981298549235
2732,4.651837899942903
2733,8.13648655849243
2734,4.585079972704585
2735,5.101135802522145
2736,7.888254679265239
2737,4.519235447490751
2738,4.9286651034304265
2739,4.398516726252233
2740,6.896391651111636
2741,6.75788539942033
2742,6.656823676057966
2743,2.418994600006564
2744,5.832135370299107
2745,3.4857047733235555
2746,7.627926985814661
2747,6.529962517287964
2748,6.3916271192686605
2749,7.188906879048146
2750,7.805594561956523
2751,4.661500062868591
2752,4.524487101782425
2753,6.179793917934431
2754,8.01775445489563
2755,7.548318983017972
2756,6.988391216894848
2757,6.337937828553832
2758,8.94924948956993
2759,5.376713864003532
2760,7.227647879481365
2761,4.708826746240967
2762,4.119472964469929
2763,7.3736789033051275
2764,4.2587302064153585
2765,5.6807620877301
2766,6.36055078311943
2767,4.503242198890399
2768,5.424302267678568
2769,6.262476339212581
2770,6.31071340304362
2771,5.762100893697217
2772,6.044062044652102
2773,5.910277328249827
2774,4.314987151941346
2775,5.599437867028038
2776,6.392565081331278
2777,6.243777405073666
2778,6.827017050045989
2779,6.720688824768836
2780,5.451889272763375
2781,6.686582163049307
2782,6.292756051019347
2783,8.2848356398004
2784,8.074548647997572
2785,5.8176791099027065
2786,3.4262629778236766
2787,2.32431494955773
2788,7.198198834181832
2789,3.8355446616392976
2790,6.445907106564442
2791,6.09921757918738
2792,8.865791517277385
2793,5.593331015792783
2794,7.59624304209735
2795,5.694449252295777
2796,6.095234547604883
2797,6.60139660653254
2798,9.093794856460873
2799,6.068456873968494
2800,7.29164152800383
2801,5.2274644739250755
2802,4.386415304193684
2803,6.355672967616838
2804,3.843394984702455
2805,5.58784244792566
2806,5.072808578970176
2807,7.237983646834047
2808,6.8518873543158
2809,7.289248479835401
2810,5.793613085381649
2811,6.740779817080289
2812,7.1476704868621805
2813,4.318043725494655
2814,7.768065554549644
2815,5.947468680721223
2816,5.080975977960002
2817,6.80018703362891
2818,6.5445828806746755
2819,5.985366020710509
2820,4.367069076550534
2821,5.896769965475242
2822,5.488416059021412
2823,3.965913949256511
2824,6.265196273699581
2825,5.852341970369317
2826,4.701446204608666
2827,8.031641322103106
2828,9.059696105314806
2829,4.663039001225398
2830,8.955729432442759
2831,4.724930613899738
2832,7.434989405855554
2833,7.72797498237952
2834,6.4577586387898105
2835,6.203989041521991
2836,4.259368316725441
2837,5.89211391561144
2838,3.8774235833203017
2839,6.679159085489624
2840,7.392258106423989
2841,5.314976851495481
2842,8.566658869103373
2843,6.908504183302567
2844,5.7218795887297995
2845,4.998185708827401
2846,6.167622270348667
2847,4.52421407209436
2848,6.381680856691269
2849,4.214189322219277
2850,7.813507581870518
2851,7.546016848309187
2852,5.825325364014416
2853,6.029683389667803
2854,5.686598158681873
2855,6.019500418863182
2856,7.495437536440982
2857,3.4283395501991536
2858,6.39125460469456
2859,7.59452504322831
2860,7.816822807034947
2861,5.762043422113775
2862,6.736255287624382
2863,6.729929561749992
2864,7.242610054582029
2865,5.596097897349237
2866,8.202877066577067
2867,6.198662126319115
2868,7.66650707520631
2869,6.932087991075201
2870,6.50970793669108
2871,7.490929920298691
2872,2.7454907499509966
2873,6.9467785549825845
2874,7.230969443393001
2875,4.82927152000189
2876,6.75417279100163
2877,7.094426751375587
2878,5.236210302558498
2879,6.158587899614369
2880,7.785694569025791
2881,5.564222965706277
2882,7.650489947905549
2883,7.165274983160594
2884,7.798243519295803
2885,7.256765972507815
2886,7.924987944860342
2887,5.55537045428383
2888,8.0636298441546
2889,6.945496967015343
2890,6.1296832314997625
2891,4.632675858684079
2892,5.235979189819369
2893,5.113397021989213
2894,5.859151235587498
2895,6.219411447329144
2896,5.301096607377581
2897,5.470587325478442
2898,7.0996571394167
2899,6.06282726886303
2900,4.137605883360771
2901,6.712734288735697
2902,5.7426296144370195
2903,8.250450396670486
2904,4.31066175809388
2905,7.623100754887283
2906,5.443582902258236
2907,4.433901079657799
2908,3.8111573269121033
2909,6.86618898013564
2910,6.815309494228414
2911,6.215529081725941
2912,8.220022433772384
2913,5.592756202863084
2914,5.929456486359009
2915,5.197448845854806
2916,4.154664766827929
2917,5.564205000271896
2918,4.738723709028428
2919,5.492884956256199
2920,5.625937965726345
2921,7.659171243524335
2922,6.076393563813609
2923,6.993429336507284
2924,6.605933189172512
2925,6.477561858579585
2926,7.266390340784306
2927,6.914870815190235
2928,6.220736357512174
2929,2.5525228264889948
2930,5.509908245199363
2931,6.776447637559209
2932,6.794772044599368
2933,5.243931767763166
2934,5.052321041541573
2935,6.306764361138058
2936,5.50135751501176
2937,6.248690183478457
2938,7.380001974298971
2939,8.057539647219125
2940,7.621015426228561
2941,6.216070156092038
2942,6.455791832994302
2943,7.123514708075683
2944,4.920626776632667
2945,5.6407686453181265
2946,4.964224322815022
2947,8.142123223711275
2948,5.017476924695357
2949,7.89284775621155
2950,7.613526142105507
2951,7.988394810998735
2952,6.52615365059347
2953,7.56973351972948
2954,4.748726611206231
2955,7.1431733325358175
2956,6.780037378275261
2957,7.998775814993288
2958,7.588726969856517
2959,7.403049651325596
2960,4.092390425153604
2961,4.6374769637146125
2962,3.1596420419376146
2963,7.917893337393772
2964,10.449932057918495
2965,5.270298024710947
2966,6.229741142560266
2967,5.853371523938727
2968,5.540809057909947
2969,4.086575047075322
2970,4.914165512286282
2971,8.3846019416547
2972,6.093735267581516
2973,5.34647353302381
2974,4.835136614048961
2975,7.31981972798672
2976,6.876117034309169
2977,7.107211320804304
2978,4.028112165765884
2979,5.424302267678568
2980,7.99255657223358
2981,5.219753988134753
2982,5.095540555661096
2983,6.994958069318778
2984,6.2264855205454035
2985,7.094441038376837
2986,7.474334595401443
2987,6.049281583708372
2988,5.812871488888332
2989,5.915330545658031
2990,6.888681186478217
2991,9.390499365996503
2992,2.7812697495852
2993,3.9076041942603803
2994,6.090744609885015
2995,6.242155829860672
2996,4.723599341416567
2997,6.302516256215595
2998,6.9752979333428
2999,5.940220569038098
3000,6.022243620811943
3001,7.279140110800936
3002,4.543782702186541
3003,5.015856078206135
3004,7.000725972793871
3005,5.056930520913334
3006,5.811169413585554
3007,8.176762071151016
3008,6.222242939153667
3009,5.938417603759768
3010,7.585714856419664
3011,4.383208495407026
3012,6.132762815831989
3013,6.514523943873024
3014,5.864054665495652
3015,7.380481038733988
3016,5.152167240074332
3017,7.085932040606672
3018,7.353268358239398
3019,6.806043561618531
3020,5.717563414679327
3021,7.273540083024555
3022,7.323178912042359
3023,7.634549028613557
3024,4.081941007422129
3025,6.15326652144318
3026,6.9921506972664895
3027,7.4494252874140425
3028,3.008238920707819
3029,8.161085496521588
3030,6.354435813817245
3031,7.443880880087414
3032,9.944072042450271
3033,5.966145087808682
3034,6.1015766961175455
3035,6.862287616066451
3036,7.653331306223273
3037,5.990643162829252
3038,5.875984874132255
3039,6.275777084911689
3040,8.766377859315577
3041,8.549843334074986
3042,7.476442143327909
3043,4.347052934374525
3044,5.83522914759265
3045,7.2872534179771815
3046,5.414311944259962
3047,5.082318942701542
3048,5.553459675035421
3049,5.353097681454811
3050,6.968524037294224
3051,6.807011365691829
3052,6.774293257533437
3053,6.0596612673567245
3054,9.580875598181875
3055,5.0560657111978395
3056,7.426701667808239
3057,6.156110757578582
3058,6.850101786173192
3059,5.757086596111145
3060,5.7405949239578655
3061,5.0245319060161915
3062,6.557570064880161
3063,7.851321733102223
3064,6.21258150942259
3065,6.902531163715644
3066,8.535676196248057
3067,7.229807983514143
3068,6.289025146935779
3069,8.550950959393555
3070,4.926266206339798
3071,4.857704456799703
3072,4.4552109086831075
3073,5.424248013959692
3074,8.66451236847076
3075,8.87910286358835
3076,6.527041277393719
3077,6.844430954141272
3078,5.849202859665248
3079,5.1158646029867265
3080,5.672717533868814
3081,6.313918283234953
3082,6.619970510290451
3083,7.658873929997363
3084,7.490882487723462
3085,6.43766906507387
3086,6.2154310340304715
3087,4.084657215336443
3088,6.571413028096296
3089,4.925981247745377
3090,4.6156238904182425
3091,7.206057497018784
3092,6.842307441867484
3093,9.31374943123462
3094,3.926917580608966
3095,4.557767708402545
3096,4.842258772843302
3097,5.5828460184917015
3098,9.085623996558125
3099,4.688225084973561
3100,8.422568286942415
3101,7.018401676556378
3102,5.605422195747047
3103,6.5401011223025955
3104,6.635570881889685
3105,2.740811656875459
3106,9.508980280181559
3107,5.74596629882904
3108,7.772644399171946
3109,7.0176122046980804
3110,5.527833395120575
3111,8.198087580780857
3112,6.317167574282899
3113,5.1775928579775705
3114,6.608797525856344
3115,7.117162179624129
3116,5.908027995829171
3117,7.010434947104214
3118,7.913154081522912
3119,6.375982668364991
3120,5.216059297080897
3121,7.806809199537666
3122,5.159838906541659
3123,7.9882234012744044
3124,5.124839099394699
3125,8.646528916022644
3126,5.30683402165466
3127,6.567193217684972
3128,6.391966780973754
3129,5.999182999575674
3130,6.165834819671155
3131,8.516271580276507
3132,5.216958446981435
3133,6.955321000127307
3134,8.04007481421973
3135,3.435690156821066
3136,6.490205540053972
3137,4.391536242181766
3138,7.461294320909084
3139,5.736639955872826
3140,5.690722173768841
3141,4.850801977805127
3142,6.248496266768208
3143,6.710757505801262
3144,7.0972085182161715
3145,6.670278203107551
3146,7.206033118861847
3147,7.1911122098768425
3148,7.214477986625125
3149,7.356969625437665
3150,5.477356225285176
3151,4.508432613225119
3152,5.961700625671761
3153,4.1758552569884255
3154,7.872864369563623
3155,4.308170387837486
3156,8.188842652012278
3157,6.219775788785733
3158,6.560434661837072
3159,5.817029271376264
3160,6.60412780580401
3161,5.621618235838988
3162,5.226158647472922
3163,4.186520646318564
3164,7.048404262208633
3165,6.460131740023199
3166,7.142375231160541
3167,6.926209340681049
3168,1.1792691515825675
3169,4.936110624650892
3170,5.7831858119293935
3171,6.017103262128836
3172,5.956841678029897
3173,7.157561222628439
3174,7.610856286886984
3175,8.134795641295165
3176,5.458502660066693
3177,6.401517292517665
3178,8.211326554094112
3179,4.714020283275709
3180,7.478029757661998
3181,7.804751643316714
3182,7.655784716520712
3183,7.401082440484566
3184,5.157022190268941
3185,7.9204516949490165
3186,9.253111783011546
3187,8.08898600496246
3188,8.471181094290214
3189,5.5624624581092315
3190,4.566395584162415
3191,6.735974167676937
3192,7.857712446381184
3193,5.651061425492622
3194,4.690041795677254
3195,3.1736784197951886
3196,7.162580474697784
3197,7.023191243267825
3198,7.203573481187332
3199,7.766483486419302
3200,6.602326589771392
3201,6.204991432038069
3202,6.486240062231041
3203,3.4309019152463507
3204,7.482753020633546
3205,6.048426437250155
3206,4.7412041207231335
3207,6.307346339561783
3208,5.501430880516232
3209,8.415128647078342
3210,9.375363234076367
3211,6.869688167013529
3212,6.071991777626236
3213,4.717142033753199
3214,8.043535376771898
3215,9.256739304255744
3216,7.48748721731095
3217,4.807639767899269
3218,6.448152270840688
3219,6.97430747286267
3220,8.49691170125544
3221,6.8686323573661605
3222,7.03539776970461
3223,6.374816088129874
3224,8.08067144394824
3225,6.422426947104719
3226,10.194914933194532
3227,3.6770808870135725
3228,6.655280370196406
3229,6.895201347082144
3230,6.278962121118249
3231,3.8937878780055244
3232,6.326601613867347
3233,8.470178099502219
3234,6.35308639207829
3235,8.321685781106053
3236,5.27818088043528
3237,5.73294153966122
3238,5.235752782703067
3239,4.8731860024893745
3240,5.695930007492562
3241,5.680422085690507
3242,8.610042802869026
3243,8.566749686849613
3244,8.969064241468287
3245,6.979709251535106
3246,5.86260421953427
3247,4.634552155204397
3248,7.670906278234335
3249,8.634373690736135
3250,5.287805917349315
3251,3.908914060522471
3252,8.858474580830768
3253,2.5153784973213726
3254,7.251078977428106
3255,7.3141995113797345
3256,8.371956861367208
3257,6.60787595961535
3258,5.78908142044048
3259,6.416577444717687
3260,8.012679392517903
3261,9.553974477859407
3262,7.015128063834305
3263,8.806442863308176
3264,6.802133703926821
3265,6.261388862701602
3266,4.645905444125956
3267,5.122781159945185
3268,5.741922443902305
3269,10.28230409312192
3270,6.5612438322207804
3271,8.201525206494416
3272,5.608467284083923
3273,4.919347896985138
3274,6.9193566176948575
3275,7.159762057439648
3276,5.75208623937243
3277,6.650755755376459
3278,5.563703077352849
3279,5.603013524127446
3280,7.336282276283155
3281,5.8848678910438235
3282,6.883736256004623
3283,8.76101986863302
3284,7.294969234160413
3285,6.853643680342949
3286,6.998285302434224
3287,5.997320485625378
3288,7.041511802932811
3289,4.889026635389706
3290,9.077554270291836
3291,6.033060206099045
3292,6.528649209597966
3293,8.022441681789651
3294,6.8970565364994
3295,8.405013680118437
3296,7.945993371165565
3297,4.24004922025807
3298,5.60627515384254
3299,5.292433168443105
3300,3.842233464180309
3301,7.389605361625905
3302,1.2338420605643077
3303,6.323794215235986
3304,3.8029527105223275
3305,7.041324701726418
3306,5.6159139923689105
3307,6.415084647486375
3308,5.484781436268855
3309,7.355266632019785
3310,8.225105751986403
3311,5.70796386140165
3312,3.6393805257953824
3313,6.2268303381666295
3314,8.015453051047695
3315,5.982159827546234
3316,6.534419278434663
3317,6.37909299952532
3318,5.425628217554341
3319,5.633604211713256
3320,8.303763456202029
3321,8.471914989438625
3322,2.6282750974208384
3323,6.779559998807195
3324,6.347614577418022
3325,7.261818141572399
3326,5.779066903757039
3327,6.007705982574003
3328,5.880230406234032
3329,6.630833195649353
3330,4.012229379466872
3331,5.610909938486253
3332,8.349980550858445
3333,6.477316572817082
3334,4.9014833904826185
3335,4.394229673069796
3336,3.0209213065932596
3337,6.443331400089219
3338,7.88841603465658
3339,5.940796445389706
3340,6.07830664921522
3341,6.654340323506923
3342,7.61776372482887
3343,7.094071752678752
3344,7.856471512891013
3345,7.675781875819262
3346,3.846113506850371
3347,7.971967396603132
3348,7.143931000005574
3349,6.462110210232195
3350,3.9602456372873087
3351,6.91757579827624
3352,7.8651180660177085
3353,8.52459455615127
3354,4.79512445221149
3355,9.85651833177718
3356,7.468845741189903
3357,7.874437664284934
3358,6.42597571868856
3359,8.339418608385637
3360,6.38754351721088
3361,4.810177011942465
3362,8.917882122074216
3363,6.358763840408366
3364,6.6296167083542565
3365,5.650107491661921
3366,7.446078377616059
3367,2.1231932960159208
3368,8.567635120202167
3369,5.756031955657414
3370,4.989630078124329
3371,6.142928834571931
3372,8.860747240300562
3373,5.217745127547055
3374,7.02313197635845
3375,8.174028408417662
3376,8.992586894823317
3377,5.387542657729055
3378,7.706564374846776
3379,7.175169741420697
3380,7.034982107627284
3381,7.060466886403729
3382,6.427408008089125
3383,6.872868846407355
3384,7.075348396937053
3385,5.714858322624019
3386,9.588667839700348
3387,6.559468202710883
3388,6.236096795047666
3389,8.215431541495773
3390,5.480562491833835
3391,6.842218653683241
3392,4.126469190337553
3393,2.6755182604904904
3394,6.615829787997023
3395,4.743530906864462
3396,4.236940878707693
3397,2.6258073092190495
3398,9.34990095212067
3399,5.225991191443037
3400,7.066401922180658
3401,6.8669013777012475
3402,8.034359186460797
3403,7.214549566747842
3404,5.3858398317775675
3405,8.623511084114007
3406,6.659870554907966
3407,7.544340444838154
3408,4.4271262024852245
3409,7.498091201536746
3410,6.262438829728645
3411,8.735460596806943
3412,4.345342576953564
3413,4.929249152669905
3414,4.8598813435188015
3415,6.746849061466774
3416,7.434075518343485
3417,4.688331828790575
3418,8.006791423258216
3419,6.336130942637788
3420,5.3752793845829325
3421,7.807519423849549
3422,8.128595031086258
3423,8.101460322115882
3424,3.757145944833893
3425,5.814071725325953
3426,8.090083533110892
3427,6.443130031455035
3428,6.285996403522909
3429,6.711977062869274
3430,5.077159327991063
3431,8.786603051123684
3432,6.163491956717345
3433,9.227606617411375
3434,5.427412317043773
3435,4.661934634085183
3436,6.4665006118898924
3437,7.825532391234729
3438,4.458028519580976
3439,6.72045647860824
3440,6.922002767010377
3441,5.379634663345819
3442,5.189793197582341
3443,5.787340691194509
3444,6.032965639985883
3445,9.085040749495926
3446,6.01886172069822
3447,5.708824096398126
3448,8.527463486882489
3449,7.583761926045836
3450,7.358565386315886
3451,5.557449093447368
3452,5.550675032185205
3453,9.237001114510631
3454,8.579009053331498
3455,5.733489264832597
3456,5.759376495654861
3457,7.136313566451968
3458,5.864910274727259
3459,6.675962648976161
3460,8.518120166549643
3461,6.669873666097879
3462,6.257961187675674
3463,7.527690300629339
3464,6.178642148197064
3465,8.905878541648741
3466,6.074801922643538
3467,5.622680284103418
3468,5.44092294802119
3469,6.204500988856631
3470,7.285188009742861
3471,6.957744780124186
3472,6.581408365952989
3473,4.521161857416311
3474,4.833411262055557
3475,6.796700769333539
3476,7.244575263607268
3477,6.148957871845206
3478,5.53051988184921
3479,8.44385926788305
3480,8.04873840753458
3481,8.420182490925354
3482,4.128154933393099
3483,5.161095129559099
3484,3.7095677378713945
3485,6.115717576786275
3486,5.660490976838056
3487,7.71215809886081
3488,4.418548093123091
3489,6.4745172273592795
3490,6.337422821032825
3491,8.519948215823712
3492,7.063783960097053
3493,5.292868495176945
3494,7.493129512690367
3495,5.18203379581933
3496,5.802635961830957
3497,6.7846292724028086
3498,7.786166303823443
3499,4.655131365314042
3500,6.377397863289216
3501,6.092247479791291
3502,5.763034480829966
3503,7.421307856776871
3504,8.404011936227626
3505,3.7118258954274745
3506,6.8431618180653055
3507,6.397461070977725
3508,5.88143885677851
3509,7.7967436906097385
3510,4.685978070986999
3511,5.109082275593715
3512,5.363716706262776
3513,6.13306256020821
3514,6.567850921501823
3515,7.072084759664277
3516,7.988457608564486
3517,7.026734859721338
3518,6.160960787207451
3519,9.294696816748507
3520,7.932304140664483
3521,6.273392241836128
3522,5.755728460994133
3523,7.235020349099224
3524,8.085398767816796
3525,6.551879166847639
3526,5.8467867135319205
3527,5.895565887182157
3528,5.756649953509905
3529,9.4494986405685
3530,7.8739746540707625
3531,6.470494376718812
3532,8.064226373286665
3533,4.257402994973341
3534,7.330133875523016
3535,3.580693572443407
3536,5.0314917038063465
3537,6.9464606840870795
3538,6.08506936575811
3539,6.4995759749365885
3540,7.427062610926961
3541,4.487227639069325
3542,6.241862491939693
3543,7.792729956977888
3544,7.06244252618154
3545,4.505162324353983
3546,4.954748906370069
3547,4.09170714115458
3548,8.31530117284961
3549,5.269587046499792
3550,2.132744832679756
3551,8.833991701282057
3552,5.88576187428641
3553,5.750852440332488
3554,7.6121660336235175
3555,7.782872449414127
3556,8.297795118103346
3557,5.352364538621779
3558,6.380364290932058
3559,5.503062033713205
3560,5.9505780338973375
3561,4.298787523289826
3562,8.417756765526583
3563,5.182868042490164
3564,7.311905940795946
3565,4.254728630629243
3566,5.7330589331236945
3567,6.646814533788139
3568,6.953429496960153
3569,6.021096689682559
3570,5.44367983376521
3571,6.480339457727106
3572,6.90814958500806
3573,3.2557414518744836
3574,5.324228355199294
3575,4.367014537496571
3576,5.301616041745157
3577,4.112268803801554
3578,6.262184505062188
3579,4.545335108723803
3580,8.079437883773217
3581,5.287029316466538
3582,7.213877672543782
3583,7.10464265456863
3584,10.716162008491947
3585,4.575765393428406
3586,6.162089701443902
3587,8.22128427724561
3588,3.2978235910416616
3589,6.391284424622023
3590,6.544889274618577
3591,6.33859849057496
3592,4.167724378412978
3593,5.9939136257485695
3594,9.181710692110364
3595,6.355542952282404
3596,5.171066299530659
3597,4.9537966222438365
3598,5.909394957055661
3599,6.362497148943086
3600,8.139439234550364
3601,6.4088908084343625
3602,7.560104180862536
3603,4.000778364995818
3604,6.1836346481155084
3605,4.472860363576339
3606,5.414310839453092
3607,8.83169376124949
3608,7.810698357936013
3609,7.027386471312921
3610,6.61398210503131
3611,5.992775569397336
3612,8.17018775402773
3613,4.95465613380321
3614,4.891611476261056
3615,3.567393748699552
3616,7.324191157119963
3617,5.702190973124339
3618,7.1175549243331
3619,7.249427440583814
3620,5.582890460917562
3621,5.119216478948666
3622,4.655679230619676
3623,8.220707490964115
3624,3.9133503785074675
3625,6.919297090018113
3626,5.0922193286717725
3627,8.392297438132625
3628,5.026149425805043
3629,8.186702237197615
3630,7.478647590189494
3631,9.10993248591928
3632,8.010669180340807
3633,6.766761564409817
3634,6.156282124449313
3635,6.991910117476032
3636,7.487313627878913
3637,7.930358150165881
3638,9.039781533561433
3639,7.190512470941313
3640,6.062960880203328
3641,6.593636803080309
3642,6.097500106007201
3643,7.822748109998025
3644,4.380551735859909
3645,7.225718305065635
3646,6.090902380757648
3647,7.041499396618343
3648,7.358582738499818
3649,6.953418443080019
3650,5.816631347195249
3651,5.660763490640925
3652,5.862051831631389
3653,5.807256623338899
3654,8.355662920054156
3655,4.874864809141905
3656,6.01755859146243
3657,6.358046958413575
3658,6.987905252896153
3659,8.718265408017315
3660,6.6160383357624335
3661,5.849080267764813
3662,3.629028560228627
3663,6.1585719788166084
3664,5.319070439579769
3665,5.0696423143950335
3666,5.48424064637612
3667,6.129718596115991
3668,4.445188876764015
3669,6.828662351574449
3670,6.313672326187381
3671,6.029619975468969
3672,6.644776963268951
3673,8.525671274026132
3674,6.787508089492176
3675,6.598852987196161
3676,3.5340265149755496
3677,8.450600423765145
3678,3.1476772621886733
3679,6.722489083180855
3680,6.166034052657374
3681,7.6563869091965495
3682,4.431102586493176
3683,5.908315765706512
3684,6.657566786585968
3685,6.550401078053538
3686,6.122168689732072
3687,6.011238995717859
3688,7.782722803075168
3689,6.9941222355485575
3690,5.438727592105871
3691,5.900829245915075
3692,8.285975195093043
3693,6.20243537616495
3694,4.0848335881333435
3695,7.700746249620871
3696,6.125171993669533
3697,6.889277428370688
3698,6.5220285053295
3699,7.8775987924005415
3700,6.679493083719145
3701,5.869968062201506
3702,7.756803196909055
3703,6.11803829419619
3704,5.8071782755637935
3705,6.0704693126138505
3706,5.066204936836867
3707,7.830513057970685
3708,5.352284945055154
3709,5.240829814469462
3710,7.456671051558765
3711,6.493641709947561
3712,6.894492634353406
3713,4.760453154182479
3714,4.006669866601724
3715,7.003722433596132
3716,6.210765159201683
3717,5.825462827843304
3718,7.626553661210502
3719,6.294386772992139
3720,6.469874979588504
3721,7.028635526738354
3722,5.120491787859074
3723,7.410356479361831
3724,6.662487403413534
3725,6.57101285338883
3726,4.3794092463033945
3727,4.043155538352544
3728,6.088637930903652
3729,4.245130159279662
3730,8.528272048893593
3731,7.09930181537363
3732,7.634505265615695
3733,5.969816951750827
3734,6.8227063881945975
3735,4.2114734996942484
3736,7.756171438601606
3737,4.553374248586179
3738,7.134833202820624
3739,6.680901335465306
3740,7.586761345732676
3741,8.446138773499397
3742,8.43544771957414
3743,7.464968770272713
3744,9.100022185095037
3745,6.967421002327279
3746,6.189962277089372
3747,7.560339173289841
3748,7.5422560687707625
3749,7.450114750356598
3750,5.536075106431391
3751,7.839112247793829
3752,7.173171593995513
3753,4.551676835726822
3754,6.640499636856995
3755,3.7535280504230792
3756,6.041724535621648
3757,3.5687729335116374
3758,1.8603723037545672
3759,5.106787349110683
3760,5.698250836977928
3761,6.947591655748121
3762,6.549386154636118
3763,6.368260731927472
3764,7.784872080916385
3765,6.643651457465759
3766,8.51730915567402
3767,8.483038818573105
3768,6.399262444937954
3769,5.843038403109231
3770,6.820020133120407
3771,3.870521723637972
3772,5.72029573831565
3773,6.293233400659624
3774,6.8586954870684815
3775,8.839012524161769
3776,5.675785354920945
3777,6.665680223817213
3778,6.001578834327625
3779,7.020378285139992
3780,6.467488150674918
3781,7.386548767334326
3782,3.7794804380851668
3783,5.282814270555091
3784,5.304717009908523
3785,10.03813250633567
3786,3.8755670365304207
3787,7.809705213683911
3788,3.6625581069859536
3789,5.831744816869624
3790,6.423726862764462
3791,6.794559248181313
3792,5.458396683180191
3793,3.2052303757869334
3794,7.230267712821215
3795,6.476211634227689
3796,8.209656450804284
3797,6.286546578252738
3798,5.278764504662427
3799,6.1230673629837025
3800,6.521601389082489
3801,6.446131486950045
3802,6.750569734238807
3803,5.051338972831737
3804,6.904265454252319
3805,5.771105704942157
3806,4.439283164915261
3807,6.0102821554940515
3808,6.516418893168116
3809,5.34975564493248
3810,6.140696277568673
3811,7.1313268929357685
3812,6.699836343110811
3813,5.613076152373261
3814,5.726410870098617
3815,7.908840912066403
3816,4.563057023863231
3817,5.69313740161334
3818,7.071503149002248
3819,5.87653605375595
3820,7.943526927003
3821,6.97387408118771
3822,6.027631335153556
3823,6.890444208906566
3824,4.982329965987042
3825,6.008349530640367
3826,5.937387353442601
3827,4.066145118908308
3828,7.694083696630124
3829,7.912915945122505
3830,5.210298798878804
3831,6.197823311660896
3832,6.586285915264463
3833,5.764978692482651
3834,5.168052406974594
3835,6.9488647043358975
3836,7.15175778043732
3837,5.621989500107312
3838,7.410995705828382
3839,7.014213529283162
3840,4.972127315511494
3841,6.540467672230599
3842,3.983990488776336
3843,8.926683421591912
3844,5.3757276618565
3845,9.717587786897921
3846,3.149282554670491
3847,5.022926615895423
3848,7.878392144690744
3849,7.563494428217664
3850,7.8515552277991185
3851,4.287946420617623
3852,6.0924773172922055
3853,6.028618756794054
3854,8.498214029565416
3855,6.969135036595213
3856,6.90220690702
3857,6.822514778274646
3858,7.961296465549418
3859,6.274653071812801
3860,6.9060258116283615
3861,7.359364275910203
3862,4.472860363576339
3863,5.174251137543771
3864,7.147989954296073
3865,6.949950383781066
3866,4.42708930084114
3867,6.1119257490013945
3868,6.304757031153995
3869,4.615892653998849
3870,6.6680130092041106
3871,8.758777008324211
3872,5.761879925761201
3873,5.207343313629786
3874,7.1085215902970145
3875,6.204785567612427
3876,5.0626399419266415
3877,3.668323154670644
3878,7.910884106940608
3879,4.444736545501251
3880,5.409483859619805
3881,5.958868301424965
3882,5.163563590691006
3883,5.402596034694008
3884,4.6909530366625
3885,5.0331739602830305
3886,7.113842026209178
3887,6.296623943623282
3888,5.356402492156641
3889,6.127212057892913
3890,8.592030570730964
3891,7.024063907595129
3892,3.547022543613431
3893,5.088229921867929
3894,6.351174948495619
3895,6.248416612488937
3896,5.642307201244249
3897,8.114683907430454
3898,6.097848411890987
3899,4.784886353011253
3900,4.079707191058852
3901,8.498015173861456
3902,6.000776175195197
3903,6.057869558817921
3904,6.8004639193025564
3905,4.3634131618214775
3906,8.12079121427592
3907,5.246063554221629
3908,3.197281189396173
3909,2.9190675970517725
3910,7.380764210670855
3911,5.804473275034575
3912,7.30686559779525
3913,5.5509285767344005
3914,8.018485070405013
3915,6.3601972223019
3916,6.806860324183227
3917,6.134321840025505
3918,8.644934784515096
3919,8.110699566307003
3920,5.399385982794734
3921,5.2961555505085665
3922,4.610049204046218
3923,5.333685124109771
3924,4.084874995604488
3925,5.190270669152192
3926,7.6835824916600455
3927,6.54864647431924
3928,2.1188299445180343
3929,7.527954158134485
3930,5.774947322030649
3931,6.292290666263008
3932,6.373968831798548
3933,4.094135413888862
3934,4.9792848816082875
3935,7.712840041181658
3936,7.613005447569149
3937,5.998126209293852
3938,8.047538856162243
3939,6.321265213350281
3940,4.868116195932371
3941,6.002062415506381
3942,9.244074480095433
3943,7.131348038799438
3944,5.323310445585386
3945,6.158159959773507
3946,8.209334714742281
3947,8.049506723273508
3948,6.753465774932516
3949,6.433933823382696
3950,4.053753336054393
3951,6.686941482359139
3952,6.926161461864063
3953,6.976872617177443
3954,3.35648389220166
3955,6.037336048593998
3956,3.5657687334026478
3957,4.822481664884941
3958,4.963710796364749
3959,5.2609551192657005
3960,3.6020170269972107
3961,6.14621028356879
3962,7.369525073936812
3963,6.07315945145484
3964,7.088999019090417
3965,5.638165179667859
3966,7.615261693760268
3967,6.007716403195041
3968,7.089414062425527
3969,9.665821315064541
3970,7.827634869365566
3971,4.98303286001129
3972,6.302171393335407
3973,3.9646166874447872
3974,5.91219648924408
3975,8.098339136639252
3976,5.612431506770528
3977,6.250622759946574
3978,6.21149589212525
3979,6.670864370100909
3980,6.600084983244025
3981,6.348292564507856
3982,4.762817763075469
3983,7.958506947710985
3984,8.526912624886164
3985,5.608968080294572
3986,6.11884083393084
3987,4.230777636632693
3988,6.71089166680059
3989,7.005765878286466
3990,8.75925948603395
3991,8.483038818573105
3992,5.639475432144132
3993,4.607476999831811
3994,5.973118244630596
3995,4.922217405053339
3996,6.282377941355945
3997,7.031526668997968
3998,4.660886384967463
3999,6.322453532143805
4000,6.399037741121274
4001,5.61651420372396
4002,4.963974262630978
4003,7.956216478918173
4004,4.299784193945535
4005,5.606525864246174
4006,7.031148054770321
4007,8.985008730877153
4008,4.2626364411358475
4009,6.7702134208225795
4010,3.6925012418101284
4011,4.430419224274656
4012,4.3835660349355345
4013,4.299552728913396
4014,7.076563137266526
4015,7.339242851618629
4016,8.06542927938204
4017,5.741922443902305
4018,6.2061468590621285
4019,7.307306877302431
4020,4.755239620474013
4021,4.99516124034522
4022,5.131988078403365
4023,6.511073576211452
4024,8.704805182713763
4025,6.821553654327155
4026,5.1602854037715185
4027,3.9050335763898247
4028,2.295116269799629
4029,5.856831187215276
4030,7.3307827351748625
4031,6.877331515576381
4032,7.160572247508349
4033,6.846172859651738
4034,5.83697067995906
4035,7.335605517270151
4036,6.07953607693667
4037,5.709982190687307
4038,7.361721906371086
4039,6.119878456669822
4040,3.058810160084532
4041,6.060936184545708
4042,6.451973927025675
4043,5.441444282875009
4044,5.28170472710513
4045,6.173817676805184
4046,5.4589309150529255
4047,4.821419973559669
4048,6.275966674197272
4049,5.99004191377987
4050,6.278121395678277
4051,8.17260143939945
4052,9.294445311856698
4053,5.033329755067421
4054,4.252399176826253
4055,5.83693059830358
4056,4.217245605690833
4057,6.318705252312221
4058,7.09385986603621
4059,6.5809254426554356
4060,4.800684691846578
4061,8.66053824279839
4062,7.694691557579345
4063,6.550241955089015
4064,6.420683813524698
4065,8.254403736671803
4066,5.979560176583214
4067,6.671140129750993
4068,6.577378418882573
4069,4.6813121144283025
4070,8.489632091768323
4071,4.991328135016657
4072,5.936553371338555
4073,5.290197321767037
4074,4.410294938632715
4075,5.319055443002591
4076,5.349063695671753
4077,6.616378827248419
4078,6.4937623565397695
4079,6.276689756552797
4080,3.745837310243183
4081,9.803874183239087
4082,5.971175288721093
4083,7.314738501808784
4084,6.121718288377734
4085,7.551633746762101
4086,4.552616026359424
4087,4.516714606586498
4088,4.5147929302571095
4089,6.890002286257691
4090,7.00715495367359
4091,4.436723583292925
4092,6.02630172846471
4093,7.535301589190163
4094,3.331570618750953
4095,6.188436804498061
4096,7.7682688859882285
4097,7.535713521847638
4098,2.433704013123653
4099,7.848458943726251
4100,10.1642778226938
4101,5.757569053969356
4102,7.372949643209318
4103,7.114478850169285
4104,4.93580049791518
4105,5.50713012192734
4106,5.398937519662973
4107,3.6206504615752886
4108,5.269478972995381
4109,7.738058736757531
4110,4.9996974444644104
4111,6.618477045074824
4112,7.610111663300186
4113,6.7078747571973105
4114,7.579379547531581
4115,7.110719189524671
4116,7.866116244448049
4117,5.793640548510262
4118,5.74491105152135
4119,5.680422575959083
4120,9.810230155715827
4121,5.060315512139196
4122,5.92372223714875
4123,7.314246411333725
4124,6.945815981197094
4125,8.288497706245431
4126,3.4875841053713623
4127,4.768196230314343
4128,5.523298953438198
4129,8.094840834110355
4130,7.351840793144502
4131,5.729643429311701
4132,6.07953607693667
4133,4.0412470168390024
4134,6.916213196960194
4135,6.351027917563052
4136,7.012769635915498
4137,3.02865852474889
4138,3.926138623865255
4139,5.19527644352872
4140,7.559887727631859
4141,8.729972495947159
4142,6.05903542099582
4143,7.2448388881071475
4144,7.114322137387313
4145,4.198544146317155
4146,7.3304962114985495
4147,5.886048808216011
4148,6.913914123579444
